{"input": {"instance_type": "strongly_correlated", "instance_size": "30", "favoured_solution_space_types": "c", "mutable_parameter_space_size": "0.05", "instance_index": 0}, "Is strong?": true, "parameters": {"epsilon": 0.01, "strong": true, "seed": 0}, "enforced_elements": [], "disallowed_elements": [], "constrained_set": [{"variables": [27, 12, 24], "rhs": 1}], "result": {"original_runtime": 0.0008490085601806641, "c_min": 8630, "c_max": 10544, "n_subproblems": 1914, "solution": "Solution was already CF with cost 0.", "solved": true, "Final_UB": 0, "Final_LB": 0, "total_iterations": 0, "final_solution_weights": [845.0, 758.0, 421.0, 259.0, 512.0, 405.0, 784.0, 304.0, 477.0, 584.0, 909.0, 505.0, 282.0, 756.0, 619.0, 251.0, 910.0, 983.0, 811.0, 903.0, 311.0, 730.0, 899.0, 684.0, 473.0, 101.0, 435.0, 611.0, 914.0, 967.0], "final_solution_delta": [0.0, 0.0, 0.0, 0.0, 0.0, 0.0, 0.0, 0.0, 0.0, 0.0, 0.0, 0.0, 0.0, 0.0, 0.0, 0.0, 0.0, 0.0, 0.0, 0.0, 0.0, 0.0, 0.0, 0.0, 0.0, 0.0, 0.0, 0.0, 0.0, 0.0], "final_solution_capacity": 8543, "incumbents": {}, "lbs": {}, "cuts": [], "total_time_for_LBs": 0, "time_per_iteration_in_s": {}}, "total_runtime_in_s": 0.08856964111328125, "instance": {"weights": [845.0, 758.0, 421.0, 259.0, 512.0, 405.0, 784.0, 304.0, 477.0, 584.0, 909.0, 505.0, 282.0, 756.0, 619.0, 251.0, 910.0, 983.0, 811.0, 903.0, 311.0, 730.0, 899.0, 684.0, 473.0, 101.0, 435.0, 611.0, 914.0, 967.0], "costs": [945.0, 858.0, 521.0, 359.0, 612.0, 505.0, 884.0, 404.0, 577.0, 684.0, 1009.0, 605.0, 382.0, 856.0, 719.0, 351.0, 1010.0, 1083.0, 911.0, 1003.0, 411.0, 830.0, 999.0, 784.0, 573.0, 201.0, 535.0, 711.0, 1014.0, 1067.0], "capacity": 8543}}