{"input": {"instance_type": "uncorrelated", "instance_size": "20", "favoured_solution_space_types": "c", "mutable_parameter_space_size": "0.05", "instance_index": 0}, "Is strong?": true, "parameters": {"epsilon": 0.01, "strong": true, "seed": 0}, "enforced_elements": [], "disallowed_elements": [], "constrained_set": [{"variables": [12, 13], "rhs": 1}], "result": {"original_runtime": 0.0004291534423828125, "c_min": 3579, "c_max": 4749, "n_subproblems": 1170, "solution": "Solution was already CF with cost 0.", "solved": true, "Final_UB": 0, "Final_LB": 0, "total_iterations": 0, "final_solution_weights": [804.0, 448.0, 81.0, 321.0, 508.0, 933.0, 110.0, 552.0, 707.0, 548.0, 815.0, 541.0, 964.0, 604.0, 588.0, 445.0, 597.0, 385.0, 576.0, 291.0], "final_solution_delta": [0.0, 0.0, 0.0, 0.0, 0.0, 0.0, 0.0, 0.0, 0.0, 0.0, 0.0, 0.0, 0.0, 0.0, 0.0, 0.0, 0.0, 0.0, 0.0, 0.0], "final_solution_capacity": 5911, "incumbents": {}, "lbs": {}, "cuts": [], "total_time_for_LBs": 0, "time_per_iteration_in_s": {}}, "total_runtime_in_s": 0.03834986686706543, "instance": {"weights": [804.0, 448.0, 81.0, 321.0, 508.0, 933.0, 110.0, 552.0, 707.0, 548.0, 815.0, 541.0, 964.0, 604.0, 588.0, 445.0, 597.0, 385.0, 576.0, 291.0], "costs": [845.0, 758.0, 421.0, 259.0, 512.0, 405.0, 784.0, 304.0, 477.0, 584.0, 909.0, 505.0, 282.0, 756.0, 619.0, 251.0, 910.0, 983.0, 811.0, 903.0], "capacity": 5911}}