{"input": {"instance_type": "uncorrelated", "instance_size": "40", "favoured_solution_space_types": "c", "mutable_parameter_space_size": "0.05", "instance_index": 0}, "Is strong?": true, "parameters": {"epsilon": 0.01, "strong": true, "seed": 0}, "enforced_elements": [], "disallowed_elements": [], "constrained_set": [{"variables": [24, 26, 2, 16], "rhs": 1}], "result": {"original_runtime": 1.5069820880889893, "c_min": 6517, "c_max": 8728, "n_subproblems": 2211, "solution": "Solution was already CF with cost 0.", "solved": true, "Final_UB": 0, "Final_LB": 0, "total_iterations": 0, "final_solution_weights": [804.0, 448.0, 81.0, 321.0, 508.0, 933.0, 110.0, 552.0, 707.0, 548.0, 815.0, 541.0, 964.0, 604.0, 588.0, 445.0, 597.0, 385.0, 576.0, 291.0, 190.0, 187.0, 613.0, 657.0, 477.0, 90.0, 758.0, 877.0, 924.0, 843.0, 899.0, 924.0, 541.0, 392.0, 706.0, 276.0, 812.0, 850.0, 896.0, 590.0], "final_solution_delta": [0.0, 0.0, 0.0, 0.0, 0.0, 0.0, 0.0, 0.0, 0.0, 0.0, 0.0, 0.0, 0.0, 0.0, 0.0, 0.0, 0.0, 0.0, 0.0, 0.0, 0.0, 0.0, 0.0, 0.0, 0.0, 0.0, 0.0, 0.0, 0.0, 0.0, 0.0, 0.0, 0.0, 0.0, 0.0, 0.0, 0.0, 0.0, 0.0, 0.0], "final_solution_capacity": 11822, "incumbents": {}, "lbs": {}, "cuts": [], "total_time_for_LBs": 0, "time_per_iteration_in_s": {}}, "total_runtime_in_s": 9.19090747833252, "instance": {"weights": [804.0, 448.0, 81.0, 321.0, 508.0, 933.0, 110.0, 552.0, 707.0, 548.0, 815.0, 541.0, 964.0, 604.0, 588.0, 445.0, 597.0, 385.0, 576.0, 291.0, 190.0, 187.0, 613.0, 657.0, 477.0, 90.0, 758.0, 877.0, 924.0, 843.0, 899.0, 924.0, 541.0, 392.0, 706.0, 276.0, 812.0, 850.0, 896.0, 590.0], "costs": [845.0, 758.0, 421.0, 259.0, 512.0, 405.0, 784.0, 304.0, 477.0, 584.0, 909.0, 505.0, 282.0, 756.0, 619.0, 251.0, 910.0, 983.0, 811.0, 903.0, 311.0, 730.0, 899.0, 684.0, 473.0, 101.0, 435.0, 611.0, 914.0, 967.0, 478.0, 866.0, 261.0, 806.0, 549.0, 15.0, 720.0, 399.0, 825.0, 669.0], "capacity": 11822}}