{"input": {"instance_type": "strongly_correlated", "instance_size": "20", "favoured_solution_space_types": "c", "mutable_parameter_space_size": "0.05", "instance_index": 10}, "Is strong?": false, "parameters": {"epsilon": 0.01, "strong": false, "seed": 0}, "enforced_elements": [], "disallowed_elements": [], "constrained_set": [{"variables": [12, 13], "rhs": 1}], "result": {"original_runtime": 0.00043392181396484375, "c_min": 5123, "c_max": 6226, "n_subproblems": 1103, "solution": "Solution was already CF with cost 0.", "solved": true, "Final_UB": 0, "Final_LB": 0, "total_iterations": 0, "final_solution_weights": [572.0, 429.0, 579.0, 207.0, 814.0, 824.0, 654.0, 161.0, 521.0, 328.0, 250.0, 953.0, 997.0, 45.0, 861.0, 604.0, 382.0, 284.0, 675.0, 457.0], "final_solution_delta": [0.0, 0.0, 0.0, 0.0, 0.0, 0.0, 0.0, 0.0, 0.0, 0.0, 0.0, 0.0, 0.0, 0.0, 0.0, 0.0, 0.0, 0.0, 0.0, 0.0], "final_solution_capacity": 4999, "incumbents": {}, "lbs": {}, "cuts": [], "total_time_for_LBs": 0, "time_per_iteration_in_s": {}}, "total_runtime_in_s": 0.059893131256103516, "instance": {"weights": [572.0, 429.0, 579.0, 207.0, 814.0, 824.0, 654.0, 161.0, 521.0, 328.0, 250.0, 953.0, 997.0, 45.0, 861.0, 604.0, 382.0, 284.0, 675.0, 457.0], "costs": [672.0, 529.0, 679.0, 307.0, 914.0, 924.0, 754.0, 261.0, 621.0, 428.0, 350.0, 1053.0, 1097.0, 145.0, 961.0, 704.0, 482.0, 384.0, 775.0, 557.0], "capacity": 4999}}