{"input": {"instance_type": "strongly_correlated", "instance_size": "50", "favoured_solution_space_types": "c", "mutable_parameter_space_size": "0.05", "instance_index": 10}, "Is strong?": true, "parameters": {"epsilon": 0.01, "strong": true, "seed": 0}, "enforced_elements": [], "disallowed_elements": [], "constrained_set": [{"variables": [24, 48, 26, 2, 16], "rhs": 1}], "result": {"original_runtime": 0.01973414421081543, "c_min": 12609, "c_max": 15516, "n_subproblems": 2907, "solution": "Solution was already CF with cost 0.", "solved": true, "Final_UB": 0, "Final_LB": 0, "total_iterations": 0, "final_solution_weights": [572.0, 429.0, 579.0, 207.0, 814.0, 824.0, 654.0, 161.0, 521.0, 328.0, 250.0, 953.0, 997.0, 45.0, 861.0, 604.0, 382.0, 284.0, 675.0, 457.0, 686.0, 662.0, 133.0, 768.0, 983.0, 970.0, 614.0, 45.0, 5.0, 134.0, 942.0, 303.0, 367.0, 899.0, 315.0, 549.0, 437.0, 65.0, 585.0, 845.0, 157.0, 225.0, 413.0, 37.0, 497.0, 818.0, 658.0, 534.0, 856.0, 150.0], "final_solution_delta": [0.0, 0.0, 0.0, 0.0, 0.0, 0.0, 0.0, 0.0, 0.0, 0.0, 0.0, 0.0, 0.0, 0.0, 0.0, 0.0, 0.0, 0.0, 0.0, 0.0, 0.0, 0.0, 0.0, 0.0, 0.0, 0.0, 0.0, 0.0, 0.0, 0.0, 0.0, 0.0, 0.0, 0.0, 0.0, 0.0, 0.0, 0.0, 0.0, 0.0, 0.0, 0.0, 0.0, 0.0, 0.0, 0.0, 0.0, 0.0, 0.0, 0.0], "final_solution_capacity": 12499, "incumbents": {}, "lbs": {}, "cuts": [], "total_time_for_LBs": 0, "time_per_iteration_in_s": {}}, "total_runtime_in_s": 0.1669299602508545, "instance": {"weights": [572.0, 429.0, 579.0, 207.0, 814.0, 824.0, 654.0, 161.0, 521.0, 328.0, 250.0, 953.0, 997.0, 45.0, 861.0, 604.0, 382.0, 284.0, 675.0, 457.0, 686.0, 662.0, 133.0, 768.0, 983.0, 970.0, 614.0, 45.0, 5.0, 134.0, 942.0, 303.0, 367.0, 899.0, 315.0, 549.0, 437.0, 65.0, 585.0, 845.0, 157.0, 225.0, 413.0, 37.0, 497.0, 818.0, 658.0, 534.0, 856.0, 150.0], "costs": [672.0, 529.0, 679.0, 307.0, 914.0, 924.0, 754.0, 261.0, 621.0, 428.0, 350.0, 1053.0, 1097.0, 145.0, 961.0, 704.0, 482.0, 384.0, 775.0, 557.0, 786.0, 762.0, 233.0, 868.0, 1083.0, 1070.0, 714.0, 145.0, 105.0, 234.0, 1042.0, 403.0, 467.0, 999.0, 415.0, 649.0, 537.0, 165.0, 685.0, 945.0, 257.0, 325.0, 513.0, 137.0, 597.0, 918.0, 758.0, 634.0, 956.0, 250.0], "capacity": 12499}}