{"input": {"instance_type": "uncorrelated", "instance_size": "40", "favoured_solution_space_types": "c", "mutable_parameter_space_size": "0.05", "instance_index": 10}, "Is strong?": false, "parameters": {"epsilon": 0.01, "strong": false, "seed": 0}, "enforced_elements": [], "disallowed_elements": [], "constrained_set": [{"variables": [24, 26, 2, 16], "rhs": 1}], "result": {"original_runtime": 0.010310173034667969, "c_min": 3628, "c_max": 5327, "n_subproblems": 1699, "solution": "Solution was already CF with cost 0.", "solved": true, "Final_UB": 0, "Final_LB": 0, "total_iterations": 0, "final_solution_weights": [568.0, 375.0, 602.0, 113.0, 776.0, 97.0, 167.0, 808.0, 948.0, 434.0, 415.0, 246.0, 275.0, 618.0, 179.0, 120.0, 456.0, 165.0, 649.0, 822.0, 778.0, 481.0, 348.0, 435.0, 6.0, 713.0, 332.0, 320.0, 80.0, 449.0, 583.0, 391.0, 870.0, 674.0, 242.0, 526.0, 911.0, 521.0, 603.0, 63.0], "final_solution_delta": [0.0, 0.0, 0.0, 0.0, 0.0, 0.0, 0.0, 0.0, 0.0, 0.0, 0.0, 0.0, 0.0, 0.0, 0.0, 0.0, 0.0, 0.0, 0.0, 0.0, 0.0, 0.0, 0.0, 0.0, 0.0, 0.0, 0.0, 0.0, 0.0, 0.0, 0.0, 0.0, 0.0, 0.0, 0.0, 0.0, 0.0, 0.0, 0.0, 0.0], "final_solution_capacity": 9158, "incumbents": {}, "lbs": {}, "cuts": [], "total_time_for_LBs": 0, "time_per_iteration_in_s": {}}, "total_runtime_in_s": 3.0382068157196045, "instance": {"weights": [568.0, 375.0, 602.0, 113.0, 776.0, 97.0, 167.0, 808.0, 948.0, 434.0, 415.0, 246.0, 275.0, 618.0, 179.0, 120.0, 456.0, 165.0, 649.0, 822.0, 778.0, 481.0, 348.0, 435.0, 6.0, 713.0, 332.0, 320.0, 80.0, 449.0, 583.0, 391.0, 870.0, 674.0, 242.0, 526.0, 911.0, 521.0, 603.0, 63.0], "costs": [572.0, 429.0, 579.0, 207.0, 814.0, 824.0, 654.0, 161.0, 521.0, 328.0, 250.0, 953.0, 997.0, 45.0, 861.0, 604.0, 382.0, 284.0, 675.0, 457.0, 686.0, 662.0, 133.0, 768.0, 983.0, 970.0, 614.0, 45.0, 5.0, 134.0, 942.0, 303.0, 367.0, 899.0, 315.0, 549.0, 437.0, 65.0, 585.0, 845.0], "capacity": 9158}}