{"input": {"instance_type": "uncorrelated", "instance_size": "30", "favoured_solution_space_types": "c", "mutable_parameter_space_size": "0.05", "instance_index": 10}, "Is strong?": false, "parameters": {"epsilon": 0.01, "strong": false, "seed": 0}, "enforced_elements": [], "disallowed_elements": [], "constrained_set": [{"variables": [27, 12, 24], "rhs": 1}], "result": {"original_runtime": 0.0006699562072753906, "c_min": 3033, "c_max": 4298, "n_subproblems": 1265, "solution": "Solution was already CF with cost 0.", "solved": true, "Final_UB": 0, "Final_LB": 0, "total_iterations": 0, "final_solution_weights": [568.0, 375.0, 602.0, 113.0, 776.0, 97.0, 167.0, 808.0, 948.0, 434.0, 415.0, 246.0, 275.0, 618.0, 179.0, 120.0, 456.0, 165.0, 649.0, 822.0, 778.0, 481.0, 348.0, 435.0, 6.0, 713.0, 332.0, 320.0, 80.0, 449.0], "final_solution_delta": [0.0, 0.0, 0.0, 0.0, 0.0, 0.0, 0.0, 0.0, 0.0, 0.0, 0.0, 0.0, 0.0, 0.0, 0.0, 0.0, 0.0, 0.0, 0.0, 0.0, 0.0, 0.0, 0.0, 0.0, 0.0, 0.0, 0.0, 0.0, 0.0, 0.0], "final_solution_capacity": 6868, "incumbents": {}, "lbs": {}, "cuts": [], "total_time_for_LBs": 0, "time_per_iteration_in_s": {}}, "total_runtime_in_s": 0.029011964797973633, "instance": {"weights": [568.0, 375.0, 602.0, 113.0, 776.0, 97.0, 167.0, 808.0, 948.0, 434.0, 415.0, 246.0, 275.0, 618.0, 179.0, 120.0, 456.0, 165.0, 649.0, 822.0, 778.0, 481.0, 348.0, 435.0, 6.0, 713.0, 332.0, 320.0, 80.0, 449.0], "costs": [572.0, 429.0, 579.0, 207.0, 814.0, 824.0, 654.0, 161.0, 521.0, 328.0, 250.0, 953.0, 997.0, 45.0, 861.0, 604.0, 382.0, 284.0, 675.0, 457.0, 686.0, 662.0, 133.0, 768.0, 983.0, 970.0, 614.0, 45.0, 5.0, 134.0], "capacity": 6868}}