{"input": {"instance_type": "uncorrelated", "instance_size": "10", "favoured_solution_space_types": "p", "mutable_parameter_space_size": "0.05", "instance_index": 10}, "Is strong?": true, "parameters": {"epsilon": 0.01, "strong": true, "seed": 0}, "enforced_elements": [4], "disallowed_elements": [], "constrained_set": [], "result": {"original_runtime": 0.00021791458129882812, "c_min": 1496, "c_max": 1496, "n_subproblems": 0, "solved": "infeasible", "Final_UB": 1e+100, "Final_LB": 1e+100, "total_iterations": 1, "lbs": {"1496": 1e+100}, "cuts": [[3, 7, 8, 9], [0, 7, 8], [2, 7, 8], [0, 3, 7, 8]], "total_time_for_LBs": -0.0007970333099365234, "time_per_iteration_in_s": {"1496": 0.0663144588470459}}, "total_runtime_in_s": 0.10018444061279297, "instance": {"weights": [568.0, 375.0, 602.0, 113.0, 776.0, 97.0, 167.0, 808.0, 948.0, 434.0], "costs": [572.0, 429.0, 579.0, 207.0, 814.0, 824.0, 654.0, 161.0, 521.0, 328.0], "capacity": 2289}}