{"input": {"instance_type": "strongly_correlated", "instance_size": "30", "favoured_solution_space_types": "c", "mutable_parameter_space_size": "0.05", "instance_index": 11}, "Is strong?": false, "parameters": {"epsilon": 0.01, "strong": false, "seed": 0}, "enforced_elements": [], "disallowed_elements": [], "constrained_set": [{"variables": [27, 12, 24], "rhs": 1}], "result": {"original_runtime": 0.0008409023284912109, "c_min": 7771, "c_max": 9497, "n_subproblems": 1726, "solution": "Solution was already CF with cost 0.", "solved": true, "Final_UB": 0, "Final_LB": 0, "total_iterations": 0, "final_solution_weights": [453.0, 560.0, 925.0, 466.0, 508.0, 588.0, 185.0, 512.0, 630.0, 793.0, 95.0, 304.0, 91.0, 810.0, 694.0, 42.0, 983.0, 965.0, 654.0, 616.0, 158.0, 16.0, 529.0, 60.0, 191.0, 242.0, 31.0, 464.0, 441.0, 843.0], "final_solution_delta": [0.0, 0.0, 0.0, 0.0, 0.0, 0.0, 0.0, 0.0, 0.0, 0.0, 0.0, 0.0, 0.0, 0.0, 0.0, 0.0, 0.0, 0.0, 0.0, 0.0, 0.0, 0.0, 0.0, 0.0, 0.0, 0.0, 0.0, 0.0, 0.0, 0.0], "final_solution_capacity": 7594, "incumbents": {}, "lbs": {}, "cuts": [], "total_time_for_LBs": 0, "time_per_iteration_in_s": {}}, "total_runtime_in_s": 0.0632164478302002, "instance": {"weights": [453.0, 560.0, 925.0, 466.0, 508.0, 588.0, 185.0, 512.0, 630.0, 793.0, 95.0, 304.0, 91.0, 810.0, 694.0, 42.0, 983.0, 965.0, 654.0, 616.0, 158.0, 16.0, 529.0, 60.0, 191.0, 242.0, 31.0, 464.0, 441.0, 843.0], "costs": [553.0, 660.0, 1025.0, 566.0, 608.0, 688.0, 285.0, 612.0, 730.0, 893.0, 195.0, 404.0, 191.0, 910.0, 794.0, 142.0, 1083.0, 1065.0, 754.0, 716.0, 258.0, 116.0, 629.0, 160.0, 291.0, 342.0, 131.0, 564.0, 541.0, 943.0], "capacity": 7594}}