{"input": {"instance_type": "uncorrelated", "instance_size": "20", "favoured_solution_space_types": "c", "mutable_parameter_space_size": "0.05", "instance_index": 11}, "Is strong?": false, "parameters": {"epsilon": 0.01, "strong": false, "seed": 0}, "enforced_elements": [], "disallowed_elements": [], "constrained_set": [{"variables": [12, 13], "rhs": 1}], "result": {"original_runtime": 0.0003559589385986328, "c_min": 2087, "c_max": 2836, "n_subproblems": 749, "solution": "Solution was already CF with cost 0.", "solved": true, "Final_UB": 0, "Final_LB": 0, "total_iterations": 0, "final_solution_weights": [1.0, 210.0, 911.0, 470.0, 981.0, 398.0, 74.0, 630.0, 779.0, 270.0, 88.0, 333.0, 965.0, 759.0, 118.0, 247.0, 102.0, 60.0, 798.0, 178.0], "final_solution_delta": [0.0, 0.0, 0.0, 0.0, 0.0, 0.0, 0.0, 0.0, 0.0, 0.0, 0.0, 0.0, 0.0, 0.0, 0.0, 0.0, 0.0, 0.0, 0.0, 0.0], "final_solution_capacity": 4301, "incumbents": {}, "lbs": {}, "cuts": [], "total_time_for_LBs": 0, "time_per_iteration_in_s": {}}, "total_runtime_in_s": 0.027681350708007812, "instance": {"weights": [1.0, 210.0, 911.0, 470.0, 981.0, 398.0, 74.0, 630.0, 779.0, 270.0, 88.0, 333.0, 965.0, 759.0, 118.0, 247.0, 102.0, 60.0, 798.0, 178.0], "costs": [453.0, 560.0, 925.0, 466.0, 508.0, 588.0, 185.0, 512.0, 630.0, 793.0, 95.0, 304.0, 91.0, 810.0, 694.0, 42.0, 983.0, 965.0, 654.0, 616.0], "capacity": 4301}}