{"input": {"instance_type": "uncorrelated", "instance_size": "40", "favoured_solution_space_types": "c", "mutable_parameter_space_size": "0.05", "instance_index": 11}, "Is strong?": true, "parameters": {"epsilon": 0.01, "strong": true, "seed": 0}, "enforced_elements": [], "disallowed_elements": [], "constrained_set": [{"variables": [24, 26, 2, 16], "rhs": 1}], "result": {"original_runtime": 1.4992599487304688, "c_min": 3285, "c_max": 4589, "n_subproblems": 1304, "solution": "Solution was already CF with cost 0.", "solved": true, "Final_UB": 0, "Final_LB": 0, "total_iterations": 0, "final_solution_weights": [1.0, 210.0, 911.0, 470.0, 981.0, 398.0, 74.0, 630.0, 779.0, 270.0, 88.0, 333.0, 965.0, 759.0, 118.0, 247.0, 102.0, 60.0, 798.0, 178.0, 560.0, 448.0, 191.0, 732.0, 131.0, 644.0, 117.0, 421.0, 213.0, 270.0, 971.0, 804.0, 305.0, 885.0, 211.0, 395.0, 855.0, 642.0, 101.0, 990.0], "final_solution_delta": [0.0, 0.0, 0.0, 0.0, 0.0, 0.0, 0.0, 0.0, 0.0, 0.0, 0.0, 0.0, 0.0, 0.0, 0.0, 0.0, 0.0, 0.0, 0.0, 0.0, 0.0, 0.0, 0.0, 0.0, 0.0, 0.0, 0.0, 0.0, 0.0, 0.0, 0.0, 0.0, 0.0, 0.0, 0.0, 0.0, 0.0, 0.0, 0.0, 0.0], "final_solution_capacity": 8603, "incumbents": {}, "lbs": {}, "cuts": [], "total_time_for_LBs": 0, "time_per_iteration_in_s": {}}, "total_runtime_in_s": 4.574581146240234, "instance": {"weights": [1.0, 210.0, 911.0, 470.0, 981.0, 398.0, 74.0, 630.0, 779.0, 270.0, 88.0, 333.0, 965.0, 759.0, 118.0, 247.0, 102.0, 60.0, 798.0, 178.0, 560.0, 448.0, 191.0, 732.0, 131.0, 644.0, 117.0, 421.0, 213.0, 270.0, 971.0, 804.0, 305.0, 885.0, 211.0, 395.0, 855.0, 642.0, 101.0, 990.0], "costs": [453.0, 560.0, 925.0, 466.0, 508.0, 588.0, 185.0, 512.0, 630.0, 793.0, 95.0, 304.0, 91.0, 810.0, 694.0, 42.0, 983.0, 965.0, 654.0, 616.0, 158.0, 16.0, 529.0, 60.0, 191.0, 242.0, 31.0, 464.0, 441.0, 843.0, 520.0, 641.0, 500.0, 663.0, 458.0, 279.0, 998.0, 996.0, 841.0, 708.0], "capacity": 8603}}