{"input": {"instance_type": "strongly_correlated", "instance_size": "40", "favoured_solution_space_types": "c", "mutable_parameter_space_size": "0.05", "instance_index": 12}, "Is strong?": false, "parameters": {"epsilon": 0.01, "strong": false, "seed": 0}, "enforced_elements": [], "disallowed_elements": [], "constrained_set": [{"variables": [24, 26, 2, 16], "rhs": 1}], "result": {"original_runtime": 0.02178215980529785, "c_min": 9424, "c_max": 11586, "n_subproblems": 2162, "solution": "Solution was already CF with cost 0.", "solved": true, "Final_UB": 0, "Final_LB": 0, "total_iterations": 0, "final_solution_weights": [475.0, 658.0, 667.0, 143.0, 11.0, 375.0, 275.0, 811.0, 691.0, 602.0, 559.0, 662.0, 146.0, 441.0, 163.0, 906.0, 59.0, 819.0, 75.0, 687.0, 337.0, 405.0, 843.0, 19.0, 61.0, 916.0, 509.0, 91.0, 988.0, 947.0, 113.0, 424.0, 136.0, 313.0, 622.0, 164.0, 697.0, 52.0, 172.0, 816.0], "final_solution_delta": [0.0, 0.0, 0.0, 0.0, 0.0, 0.0, 0.0, 0.0, 0.0, 0.0, 0.0, 0.0, 0.0, 0.0, 0.0, 0.0, 0.0, 0.0, 0.0, 0.0, 0.0, 0.0, 0.0, 0.0, 0.0, 0.0, 0.0, 0.0, 0.0, 0.0, 0.0, 0.0, 0.0, 0.0, 0.0, 0.0, 0.0, 0.0, 0.0, 0.0], "final_solution_capacity": 9304, "incumbents": {}, "lbs": {}, "cuts": [], "total_time_for_LBs": 0, "time_per_iteration_in_s": {}}, "total_runtime_in_s": 1.6145789623260498, "instance": {"weights": [475.0, 658.0, 667.0, 143.0, 11.0, 375.0, 275.0, 811.0, 691.0, 602.0, 559.0, 662.0, 146.0, 441.0, 163.0, 906.0, 59.0, 819.0, 75.0, 687.0, 337.0, 405.0, 843.0, 19.0, 61.0, 916.0, 509.0, 91.0, 988.0, 947.0, 113.0, 424.0, 136.0, 313.0, 622.0, 164.0, 697.0, 52.0, 172.0, 816.0], "costs": [575.0, 758.0, 767.0, 243.0, 111.0, 475.0, 375.0, 911.0, 791.0, 702.0, 659.0, 762.0, 246.0, 541.0, 263.0, 1006.0, 159.0, 919.0, 175.0, 787.0, 437.0, 505.0, 943.0, 119.0, 161.0, 1016.0, 609.0, 191.0, 1088.0, 1047.0, 213.0, 524.0, 236.0, 413.0, 722.0, 264.0, 797.0, 152.0, 272.0, 916.0], "capacity": 9304}}