{"input": {"instance_type": "uncorrelated", "instance_size": "20", "favoured_solution_space_types": "c", "mutable_parameter_space_size": "0.05", "instance_index": 12}, "Is strong?": true, "parameters": {"epsilon": 0.01, "strong": true, "seed": 0}, "enforced_elements": [], "disallowed_elements": [], "constrained_set": [{"variables": [12, 13], "rhs": 1}], "result": {"original_runtime": 0.0003249645233154297, "c_min": 2391, "c_max": 3258, "n_subproblems": 867, "solution": "Solution was already CF with cost 0.", "solved": true, "Final_UB": 0, "Final_LB": 0, "total_iterations": 0, "final_solution_weights": [357.0, 364.0, 691.0, 674.0, 114.0, 235.0, 364.0, 512.0, 811.0, 501.0, 29.0, 823.0, 431.0, 519.0, 223.0, 428.0, 389.0, 772.0, 103.0, 550.0], "final_solution_delta": [0.0, 0.0, 0.0, 0.0, 0.0, 0.0, 0.0, 0.0, 0.0, 0.0, 0.0, 0.0, 0.0, 0.0, 0.0, 0.0, 0.0, 0.0, 0.0, 0.0], "final_solution_capacity": 4461, "incumbents": {}, "lbs": {}, "cuts": [], "total_time_for_LBs": 0, "time_per_iteration_in_s": {}}, "total_runtime_in_s": 0.04520463943481445, "instance": {"weights": [357.0, 364.0, 691.0, 674.0, 114.0, 235.0, 364.0, 512.0, 811.0, 501.0, 29.0, 823.0, 431.0, 519.0, 223.0, 428.0, 389.0, 772.0, 103.0, 550.0], "costs": [475.0, 658.0, 667.0, 143.0, 11.0, 375.0, 275.0, 811.0, 691.0, 602.0, 559.0, 662.0, 146.0, 441.0, 163.0, 906.0, 59.0, 819.0, 75.0, 687.0], "capacity": 4461}}