{"input": {"instance_type": "strongly_correlated", "instance_size": "20", "favoured_solution_space_types": "c", "mutable_parameter_space_size": "0.05", "instance_index": 13}, "Is strong?": true, "parameters": {"epsilon": 0.01, "strong": true, "seed": 0}, "enforced_elements": [], "disallowed_elements": [], "constrained_set": [{"variables": [12, 13], "rhs": 1}], "result": {"original_runtime": 0.0002930164337158203, "c_min": 5189, "c_max": 6351, "n_subproblems": 1162, "solution": "Solution was already CF with cost 0.", "solved": true, "Final_UB": 0, "Final_LB": 0, "total_iterations": 0, "final_solution_weights": [260.0, 686.0, 685.0, 850.0, 186.0, 231.0, 148.0, 226.0, 735.0, 131.0, 532.0, 214.0, 295.0, 432.0, 838.0, 609.0, 15.0, 276.0, 147.0, 872.0], "final_solution_delta": [0.0, 0.0, 0.0, 0.0, 0.0, 0.0, 0.0, 0.0, 0.0, 0.0, 0.0, 0.0, 0.0, 0.0, 0.0, 0.0, 0.0, 0.0, 0.0, 0.0], "final_solution_capacity": 5018, "incumbents": {}, "lbs": {}, "cuts": [], "total_time_for_LBs": 0, "time_per_iteration_in_s": {}}, "total_runtime_in_s": 0.05754232406616211, "instance": {"weights": [260.0, 686.0, 685.0, 850.0, 186.0, 231.0, 148.0, 226.0, 735.0, 131.0, 532.0, 214.0, 295.0, 432.0, 838.0, 609.0, 15.0, 276.0, 147.0, 872.0], "costs": [360.0, 786.0, 785.0, 950.0, 286.0, 331.0, 248.0, 326.0, 835.0, 231.0, 632.0, 314.0, 395.0, 532.0, 938.0, 709.0, 115.0, 376.0, 247.0, 972.0], "capacity": 5018}}