{"input": {"instance_type": "strongly_correlated", "instance_size": "50", "favoured_solution_space_types": "p", "mutable_parameter_space_size": "0.05", "instance_index": 13}, "Is strong?": false, "parameters": {"epsilon": 0.01, "strong": false, "seed": 0}, "enforced_elements": [39, 41], "disallowed_elements": [], "constrained_set": [], "result": {"original_runtime": 0.0231320858001709, "c_min": 12753, "c_max": 15579, "n_subproblems": 2826, "solution": "Solution was already CF with cost 0.", "solved": true, "Final_UB": 0, "Final_LB": 0, "total_iterations": 0, "final_solution_weights": [260.0, 686.0, 685.0, 850.0, 186.0, 231.0, 148.0, 226.0, 735.0, 131.0, 532.0, 214.0, 295.0, 432.0, 838.0, 609.0, 15.0, 276.0, 147.0, 872.0, 810.0, 807.0, 827.0, 745.0, 950.0, 794.0, 257.0, 850.0, 487.0, 756.0, 565.0, 430.0, 365.0, 430.0, 314.0, 118.0, 820.0, 799.0, 986.0, 691.0, 555.0, 749.0, 135.0, 677.0, 444.0, 177.0, 203.0, 523.0, 254.0, 460.0], "final_solution_delta": [0.0, 0.0, 0.0, 0.0, 0.0, 0.0, 0.0, 0.0, 0.0, 0.0, 0.0, 0.0, 0.0, 0.0, 0.0, 0.0, 0.0, 0.0, 0.0, 0.0, 0.0, 0.0, 0.0, 0.0, 0.0, 0.0, 0.0, 0.0, 0.0, 0.0, 0.0, 0.0, 0.0, 0.0, 0.0, 0.0, 0.0, 0.0, 0.0, 0.0, 0.0, 0.0, 0.0, 0.0, 0.0, 0.0, 0.0, 0.0, 0.0, 0.0], "final_solution_capacity": 12547, "incumbents": {}, "lbs": {}, "cuts": [], "total_time_for_LBs": 0, "time_per_iteration_in_s": {}}, "total_runtime_in_s": 1.611642599105835, "instance": {"weights": [260.0, 686.0, 685.0, 850.0, 186.0, 231.0, 148.0, 226.0, 735.0, 131.0, 532.0, 214.0, 295.0, 432.0, 838.0, 609.0, 15.0, 276.0, 147.0, 872.0, 810.0, 807.0, 827.0, 745.0, 950.0, 794.0, 257.0, 850.0, 487.0, 756.0, 565.0, 430.0, 365.0, 430.0, 314.0, 118.0, 820.0, 799.0, 986.0, 691.0, 555.0, 749.0, 135.0, 677.0, 444.0, 177.0, 203.0, 523.0, 254.0, 460.0], "costs": [360.0, 786.0, 785.0, 950.0, 286.0, 331.0, 248.0, 326.0, 835.0, 231.0, 632.0, 314.0, 395.0, 532.0, 938.0, 709.0, 115.0, 376.0, 247.0, 972.0, 910.0, 907.0, 927.0, 845.0, 1050.0, 894.0, 357.0, 950.0, 587.0, 856.0, 665.0, 530.0, 465.0, 530.0, 414.0, 218.0, 920.0, 899.0, 1086.0, 791.0, 655.0, 849.0, 235.0, 777.0, 544.0, 277.0, 303.0, 623.0, 354.0, 560.0], "capacity": 12547}}