{"input": {"instance_type": "uncorrelated", "instance_size": "40", "favoured_solution_space_types": "c", "mutable_parameter_space_size": "0.05", "instance_index": 13}, "Is strong?": true, "parameters": {"epsilon": 0.01, "strong": true, "seed": 0}, "enforced_elements": [], "disallowed_elements": [], "constrained_set": [{"variables": [24, 26, 2, 16], "rhs": 1}], "result": {"original_runtime": 0.021743059158325195, "c_min": 3312, "c_max": 4642, "n_subproblems": 1330, "solution": "Solution was already CF with cost 0.", "solved": true, "Final_UB": 0, "Final_LB": 0, "total_iterations": 0, "final_solution_weights": [606.0, 396.0, 131.0, 491.0, 236.0, 236.0, 195.0, 367.0, 74.0, 652.0, 954.0, 390.0, 719.0, 933.0, 44.0, 142.0, 807.0, 839.0, 640.0, 160.0, 414.0, 869.0, 887.0, 804.0, 204.0, 854.0, 375.0, 717.0, 138.0, 972.0, 604.0, 723.0, 212.0, 618.0, 581.0, 592.0, 360.0, 728.0, 342.0, 296.0], "final_solution_delta": [0.0, 0.0, 0.0, 0.0, 0.0, 0.0, 0.0, 0.0, 0.0, 0.0, 0.0, 0.0, 0.0, 0.0, 0.0, 0.0, 0.0, 0.0, 0.0, 0.0, 0.0, 0.0, 0.0, 0.0, 0.0, 0.0, 0.0, 0.0, 0.0, 0.0, 0.0, 0.0, 0.0, 0.0, 0.0, 0.0, 0.0, 0.0, 0.0, 0.0], "final_solution_capacity": 9419, "incumbents": {}, "lbs": {}, "cuts": [], "total_time_for_LBs": 0, "time_per_iteration_in_s": {}}, "total_runtime_in_s": 4.5512330532073975, "instance": {"weights": [606.0, 396.0, 131.0, 491.0, 236.0, 236.0, 195.0, 367.0, 74.0, 652.0, 954.0, 390.0, 719.0, 933.0, 44.0, 142.0, 807.0, 839.0, 640.0, 160.0, 414.0, 869.0, 887.0, 804.0, 204.0, 854.0, 375.0, 717.0, 138.0, 972.0, 604.0, 723.0, 212.0, 618.0, 581.0, 592.0, 360.0, 728.0, 342.0, 296.0], "costs": [260.0, 686.0, 685.0, 850.0, 186.0, 231.0, 148.0, 226.0, 735.0, 131.0, 532.0, 214.0, 295.0, 432.0, 838.0, 609.0, 15.0, 276.0, 147.0, 872.0, 810.0, 807.0, 827.0, 745.0, 950.0, 794.0, 257.0, 850.0, 487.0, 756.0, 565.0, 430.0, 365.0, 430.0, 314.0, 118.0, 820.0, 799.0, 986.0, 691.0], "capacity": 9419}}