{"input": {"instance_type": "uncorrelated", "instance_size": "30", "favoured_solution_space_types": "c", "mutable_parameter_space_size": "0.05", "instance_index": 13}, "Is strong?": true, "parameters": {"epsilon": 0.01, "strong": true, "seed": 0}, "enforced_elements": [], "disallowed_elements": [], "constrained_set": [{"variables": [27, 12, 24], "rhs": 1}], "result": {"original_runtime": 0.0007319450378417969, "c_min": 2302, "c_max": 3284, "n_subproblems": 982, "solution": "Solution was already CF with cost 0.", "solved": true, "Final_UB": 0, "Final_LB": 0, "total_iterations": 0, "final_solution_weights": [606.0, 396.0, 131.0, 491.0, 236.0, 236.0, 195.0, 367.0, 74.0, 652.0, 954.0, 390.0, 719.0, 933.0, 44.0, 142.0, 807.0, 839.0, 640.0, 160.0, 414.0, 869.0, 887.0, 804.0, 204.0, 854.0, 375.0, 717.0, 138.0, 972.0], "final_solution_delta": [0.0, 0.0, 0.0, 0.0, 0.0, 0.0, 0.0, 0.0, 0.0, 0.0, 0.0, 0.0, 0.0, 0.0, 0.0, 0.0, 0.0, 0.0, 0.0, 0.0, 0.0, 0.0, 0.0, 0.0, 0.0, 0.0, 0.0, 0.0, 0.0, 0.0], "final_solution_capacity": 7064, "incumbents": {}, "lbs": {}, "cuts": [], "total_time_for_LBs": 0, "time_per_iteration_in_s": {}}, "total_runtime_in_s": 0.03602170944213867, "instance": {"weights": [606.0, 396.0, 131.0, 491.0, 236.0, 236.0, 195.0, 367.0, 74.0, 652.0, 954.0, 390.0, 719.0, 933.0, 44.0, 142.0, 807.0, 839.0, 640.0, 160.0, 414.0, 869.0, 887.0, 804.0, 204.0, 854.0, 375.0, 717.0, 138.0, 972.0], "costs": [260.0, 686.0, 685.0, 850.0, 186.0, 231.0, 148.0, 226.0, 735.0, 131.0, 532.0, 214.0, 295.0, 432.0, 838.0, 609.0, 15.0, 276.0, 147.0, 872.0, 810.0, 807.0, 827.0, 745.0, 950.0, 794.0, 257.0, 850.0, 487.0, 756.0], "capacity": 7064}}