{"input": {"instance_type": "strongly_correlated", "instance_size": "20", "favoured_solution_space_types": "c", "mutable_parameter_space_size": "0.05", "instance_index": 14}, "Is strong?": true, "parameters": {"epsilon": 0.01, "strong": true, "seed": 0}, "enforced_elements": [], "disallowed_elements": [], "constrained_set": [{"variables": [12, 13], "rhs": 1}], "result": {"original_runtime": 0.00036907196044921875, "c_min": 4879, "c_max": 5929, "n_subproblems": 1050, "solution": "Solution was already CF with cost 0.", "solved": true, "Final_UB": 0, "Final_LB": 0, "total_iterations": 0, "final_solution_weights": [107.0, 703.0, 653.0, 941.0, 272.0, 256.0, 735.0, 659.0, 303.0, 685.0, 397.0, 778.0, 119.0, 224.0, 902.0, 359.0, 261.0, 805.0, 632.0, 150.0], "final_solution_delta": [0.0, 0.0, 0.0, 0.0, 0.0, 0.0, 0.0, 0.0, 0.0, 0.0, 0.0, 0.0, 0.0, 0.0, 0.0, 0.0, 0.0, 0.0, 0.0, 0.0], "final_solution_capacity": 4729, "incumbents": {}, "lbs": {}, "cuts": [], "total_time_for_LBs": 0, "time_per_iteration_in_s": {}}, "total_runtime_in_s": 0.059691429138183594, "instance": {"weights": [107.0, 703.0, 653.0, 941.0, 272.0, 256.0, 735.0, 659.0, 303.0, 685.0, 397.0, 778.0, 119.0, 224.0, 902.0, 359.0, 261.0, 805.0, 632.0, 150.0], "costs": [207.0, 803.0, 753.0, 1041.0, 372.0, 356.0, 835.0, 759.0, 403.0, 785.0, 497.0, 878.0, 219.0, 324.0, 1002.0, 459.0, 361.0, 905.0, 732.0, 250.0], "capacity": 4729}}