{"input": {"instance_type": "strongly_correlated", "instance_size": "40", "favoured_solution_space_types": "n", "mutable_parameter_space_size": "0.05", "instance_index": 14}, "Is strong?": false, "parameters": {"epsilon": 0.01, "strong": false, "seed": 0}, "enforced_elements": [], "disallowed_elements": [17, 34], "constrained_set": [], "result": {"original_runtime": 0.023135900497436523, "c_min": 9659, "c_max": 11855, "n_subproblems": 2196, "solution": "Solution was already CF with cost 0.", "solved": true, "Final_UB": 0, "Final_LB": 0, "total_iterations": 0, "final_solution_weights": [107.0, 703.0, 653.0, 941.0, 272.0, 256.0, 735.0, 659.0, 303.0, 685.0, 397.0, 778.0, 119.0, 224.0, 902.0, 359.0, 261.0, 805.0, 632.0, 150.0, 552.0, 664.0, 165.0, 652.0, 124.0, 338.0, 84.0, 205.0, 978.0, 404.0, 991.0, 439.0, 608.0, 873.0, 687.0, 112.0, 590.0, 634.0, 182.0, 95.0], "final_solution_delta": [0.0, 0.0, 0.0, 0.0, 0.0, 0.0, 0.0, 0.0, 0.0, 0.0, 0.0, 0.0, 0.0, 0.0, 0.0, 0.0, 0.0, 0.0, 0.0, 0.0, 0.0, 0.0, 0.0, 0.0, 0.0, 0.0, 0.0, 0.0, 0.0, 0.0, 0.0, 0.0, 0.0, 0.0, 0.0, 0.0, 0.0, 0.0, 0.0, 0.0], "final_solution_capacity": 9459, "incumbents": {}, "lbs": {}, "cuts": [], "total_time_for_LBs": 0, "time_per_iteration_in_s": {}}, "total_runtime_in_s": 0.08698129653930664, "instance": {"weights": [107.0, 703.0, 653.0, 941.0, 272.0, 256.0, 735.0, 659.0, 303.0, 685.0, 397.0, 778.0, 119.0, 224.0, 902.0, 359.0, 261.0, 805.0, 632.0, 150.0, 552.0, 664.0, 165.0, 652.0, 124.0, 338.0, 84.0, 205.0, 978.0, 404.0, 991.0, 439.0, 608.0, 873.0, 687.0, 112.0, 590.0, 634.0, 182.0, 95.0], "costs": [207.0, 803.0, 753.0, 1041.0, 372.0, 356.0, 835.0, 759.0, 403.0, 785.0, 497.0, 878.0, 219.0, 324.0, 1002.0, 459.0, 361.0, 905.0, 732.0, 250.0, 652.0, 764.0, 265.0, 752.0, 224.0, 438.0, 184.0, 305.0, 1078.0, 504.0, 1091.0, 539.0, 708.0, 973.0, 787.0, 212.0, 690.0, 734.0, 282.0, 195.0], "capacity": 9459}}