{"input": {"instance_type": "uncorrelated", "instance_size": "20", "favoured_solution_space_types": "c", "mutable_parameter_space_size": "0.05", "instance_index": 14}, "Is strong?": false, "parameters": {"epsilon": 0.01, "strong": false, "seed": 0}, "enforced_elements": [], "disallowed_elements": [], "constrained_set": [{"variables": [12, 13], "rhs": 1}], "result": {"original_runtime": 0.0003838539123535156, "c_min": 2017, "c_max": 2771, "n_subproblems": 754, "solution": "Solution was already CF with cost 0.", "solved": true, "Final_UB": 0, "Final_LB": 0, "total_iterations": 0, "final_solution_weights": [281.0, 28.0, 741.0, 114.0, 526.0, 93.0, 481.0, 686.0, 535.0, 456.0, 485.0, 438.0, 596.0, 95.0, 475.0, 237.0, 866.0, 940.0, 67.0, 144.0], "final_solution_delta": [0.0, 0.0, 0.0, 0.0, 0.0, 0.0, 0.0, 0.0, 0.0, 0.0, 0.0, 0.0, 0.0, 0.0, 0.0, 0.0, 0.0, 0.0, 0.0, 0.0], "final_solution_capacity": 4259, "incumbents": {}, "lbs": {}, "cuts": [], "total_time_for_LBs": 0, "time_per_iteration_in_s": {}}, "total_runtime_in_s": 0.03044867515563965, "instance": {"weights": [281.0, 28.0, 741.0, 114.0, 526.0, 93.0, 481.0, 686.0, 535.0, 456.0, 485.0, 438.0, 596.0, 95.0, 475.0, 237.0, 866.0, 940.0, 67.0, 144.0], "costs": [107.0, 703.0, 653.0, 941.0, 272.0, 256.0, 735.0, 659.0, 303.0, 685.0, 397.0, 778.0, 119.0, 224.0, 902.0, 359.0, 261.0, 805.0, 632.0, 150.0], "capacity": 4259}}