{"input": {"instance_type": "strongly_correlated", "instance_size": "40", "favoured_solution_space_types": "p", "mutable_parameter_space_size": "0.05", "instance_index": 15}, "Is strong?": false, "parameters": {"epsilon": 0.01, "strong": false, "seed": 0}, "enforced_elements": [39, 21], "disallowed_elements": [], "constrained_set": [], "result": {"original_runtime": 0.034883975982666016, "c_min": 10575, "c_max": 12880, "n_subproblems": 2305, "solution": "Solution was already CF with cost 0.", "solved": true, "Final_UB": 0, "Final_LB": 0, "total_iterations": 0, "final_solution_weights": [966.0, 12.0, 736.0, 159.0, 987.0, 17.0, 880.0, 682.0, 858.0, 1000.0, 240.0, 339.0, 709.0, 281.0, 264.0, 229.0, 858.0, 875.0, 798.0, 224.0, 925.0, 512.0, 232.0, 456.0, 420.0, 79.0, 565.0, 360.0, 570.0, 931.0, 646.0, 406.0, 864.0, 996.0, 491.0, 946.0, 19.0, 141.0, 173.0, 939.0], "final_solution_delta": [0.0, 0.0, 0.0, 0.0, 0.0, 0.0, 0.0, 0.0, 0.0, 0.0, 0.0, 0.0, 0.0, 0.0, 0.0, 0.0, 0.0, 0.0, 0.0, 0.0, 0.0, 0.0, 0.0, 0.0, 0.0, 0.0, 0.0, 0.0, 0.0, 0.0, 0.0, 0.0, 0.0, 0.0, 0.0, 0.0, 0.0, 0.0, 0.0, 0.0], "final_solution_capacity": 10471, "incumbents": {}, "lbs": {}, "cuts": [], "total_time_for_LBs": 0, "time_per_iteration_in_s": {}}, "total_runtime_in_s": 4.109311819076538, "instance": {"weights": [966.0, 12.0, 736.0, 159.0, 987.0, 17.0, 880.0, 682.0, 858.0, 1000.0, 240.0, 339.0, 709.0, 281.0, 264.0, 229.0, 858.0, 875.0, 798.0, 224.0, 925.0, 512.0, 232.0, 456.0, 420.0, 79.0, 565.0, 360.0, 570.0, 931.0, 646.0, 406.0, 864.0, 996.0, 491.0, 946.0, 19.0, 141.0, 173.0, 939.0], "costs": [1066.0, 112.0, 836.0, 259.0, 1087.0, 117.0, 980.0, 782.0, 958.0, 1100.0, 340.0, 439.0, 809.0, 381.0, 364.0, 329.0, 958.0, 975.0, 898.0, 324.0, 1025.0, 612.0, 332.0, 556.0, 520.0, 179.0, 665.0, 460.0, 670.0, 1031.0, 746.0, 506.0, 964.0, 1096.0, 591.0, 1046.0, 119.0, 241.0, 273.0, 1039.0], "capacity": 10471}}