{"input": {"instance_type": "strongly_correlated", "instance_size": "30", "favoured_solution_space_types": "c", "mutable_parameter_space_size": "0.05", "instance_index": 15}, "Is strong?": true, "parameters": {"epsilon": 0.01, "strong": true, "seed": 0}, "enforced_elements": [], "disallowed_elements": [], "constrained_set": [{"variables": [27, 12, 24], "rhs": 1}], "result": {"original_runtime": 0.03292417526245117, "c_min": 7906, "c_max": 9680, "n_subproblems": 1774, "solution": "Solution was already CF with cost 0.", "solved": true, "Final_UB": 0, "Final_LB": 0, "total_iterations": 0, "final_solution_weights": [966.0, 12.0, 736.0, 159.0, 987.0, 17.0, 880.0, 682.0, 858.0, 1000.0, 240.0, 339.0, 709.0, 281.0, 264.0, 229.0, 858.0, 875.0, 798.0, 224.0, 925.0, 512.0, 232.0, 456.0, 420.0, 79.0, 565.0, 360.0, 570.0, 931.0], "final_solution_delta": [0.0, 0.0, 0.0, 0.0, 0.0, 0.0, 0.0, 0.0, 0.0, 0.0, 0.0, 0.0, 0.0, 0.0, 0.0, 0.0, 0.0, 0.0, 0.0, 0.0, 0.0, 0.0, 0.0, 0.0, 0.0, 0.0, 0.0, 0.0, 0.0, 0.0], "final_solution_capacity": 7853, "incumbents": {}, "lbs": {}, "cuts": [], "total_time_for_LBs": 0, "time_per_iteration_in_s": {}}, "total_runtime_in_s": 0.19446563720703125, "instance": {"weights": [966.0, 12.0, 736.0, 159.0, 987.0, 17.0, 880.0, 682.0, 858.0, 1000.0, 240.0, 339.0, 709.0, 281.0, 264.0, 229.0, 858.0, 875.0, 798.0, 224.0, 925.0, 512.0, 232.0, 456.0, 420.0, 79.0, 565.0, 360.0, 570.0, 931.0], "costs": [1066.0, 112.0, 836.0, 259.0, 1087.0, 117.0, 980.0, 782.0, 958.0, 1100.0, 340.0, 439.0, 809.0, 381.0, 364.0, 329.0, 958.0, 975.0, 898.0, 324.0, 1025.0, 612.0, 332.0, 556.0, 520.0, 179.0, 665.0, 460.0, 670.0, 1031.0], "capacity": 7853}}