{"input": {"instance_type": "uncorrelated", "instance_size": "50", "favoured_solution_space_types": "c", "mutable_parameter_space_size": "0.05", "instance_index": 15}, "Is strong?": true, "parameters": {"epsilon": 0.01, "strong": true, "seed": 0}, "enforced_elements": [], "disallowed_elements": [], "constrained_set": [{"variables": [24, 48, 26, 2, 16], "rhs": 1}], "result": {"original_runtime": 1.4918951988220215, "c_min": 3131, "c_max": 4869, "n_subproblems": 1738, "solution": "Solution was already CF with cost 0.", "solved": true, "Final_UB": 0, "Final_LB": 0, "total_iterations": 0, "final_solution_weights": [555.0, 402.0, 503.0, 180.0, 949.0, 354.0, 236.0, 312.0, 825.0, 319.0, 905.0, 337.0, 442.0, 75.0, 908.0, 797.0, 475.0, 116.0, 493.0, 377.0, 841.0, 928.0, 742.0, 288.0, 42.0, 894.0, 945.0, 159.0, 500.0, 481.0, 977.0, 44.0, 62.0, 844.0, 570.0, 463.0, 778.0, 594.0, 693.0, 256.0, 85.0, 9.0, 334.0, 649.0, 380.0, 348.0, 619.0, 706.0, 596.0, 312.0], "final_solution_delta": [0.0, 0.0, 0.0, 0.0, 0.0, 0.0, 0.0, 0.0, 0.0, 0.0, 0.0, 0.0, 0.0, 0.0, 0.0, 0.0, 0.0, 0.0, 0.0, 0.0, 0.0, 0.0, 0.0, 0.0, 0.0, 0.0, 0.0, 0.0, 0.0, 0.0, 0.0, 0.0, 0.0, 0.0, 0.0, 0.0, 0.0, 0.0, 0.0, 0.0, 0.0, 0.0, 0.0, 0.0, 0.0, 0.0, 0.0, 0.0, 0.0, 0.0], "final_solution_capacity": 12227, "incumbents": {}, "lbs": {}, "cuts": [], "total_time_for_LBs": 0, "time_per_iteration_in_s": {}}, "total_runtime_in_s": 4.5119569301605225, "instance": {"weights": [555.0, 402.0, 503.0, 180.0, 949.0, 354.0, 236.0, 312.0, 825.0, 319.0, 905.0, 337.0, 442.0, 75.0, 908.0, 797.0, 475.0, 116.0, 493.0, 377.0, 841.0, 928.0, 742.0, 288.0, 42.0, 894.0, 945.0, 159.0, 500.0, 481.0, 977.0, 44.0, 62.0, 844.0, 570.0, 463.0, 778.0, 594.0, 693.0, 256.0, 85.0, 9.0, 334.0, 649.0, 380.0, 348.0, 619.0, 706.0, 596.0, 312.0], "costs": [966.0, 12.0, 736.0, 159.0, 987.0, 17.0, 880.0, 682.0, 858.0, 1000.0, 240.0, 339.0, 709.0, 281.0, 264.0, 229.0, 858.0, 875.0, 798.0, 224.0, 925.0, 512.0, 232.0, 456.0, 420.0, 79.0, 565.0, 360.0, 570.0, 931.0, 646.0, 406.0, 864.0, 996.0, 491.0, 946.0, 19.0, 141.0, 173.0, 939.0, 691.0, 720.0, 287.0, 495.0, 888.0, 100.0, 117.0, 48.0, 469.0, 841.0], "capacity": 12227}}