{"input": {"instance_type": "uncorrelated", "instance_size": "20", "favoured_solution_space_types": "c", "mutable_parameter_space_size": "0.05", "instance_index": 15}, "Is strong?": false, "parameters": {"epsilon": 0.01, "strong": false, "seed": 0}, "enforced_elements": [], "disallowed_elements": [], "constrained_set": [{"variables": [12, 13], "rhs": 1}], "result": {"original_runtime": 0.000408172607421875, "c_min": 1844, "c_max": 2831, "n_subproblems": 987, "solution": "Solution was already CF with cost 0.", "solved": true, "Final_UB": 0, "Final_LB": 0, "total_iterations": 0, "final_solution_weights": [555.0, 402.0, 503.0, 180.0, 949.0, 354.0, 236.0, 312.0, 825.0, 319.0, 905.0, 337.0, 442.0, 75.0, 908.0, 797.0, 475.0, 116.0, 493.0, 377.0], "final_solution_delta": [0.0, 0.0, 0.0, 0.0, 0.0, 0.0, 0.0, 0.0, 0.0, 0.0, 0.0, 0.0, 0.0, 0.0, 0.0, 0.0, 0.0, 0.0, 0.0, 0.0], "final_solution_capacity": 4890, "incumbents": {}, "lbs": {}, "cuts": [], "total_time_for_LBs": 0, "time_per_iteration_in_s": {}}, "total_runtime_in_s": 0.04218626022338867, "instance": {"weights": [555.0, 402.0, 503.0, 180.0, 949.0, 354.0, 236.0, 312.0, 825.0, 319.0, 905.0, 337.0, 442.0, 75.0, 908.0, 797.0, 475.0, 116.0, 493.0, 377.0], "costs": [966.0, 12.0, 736.0, 159.0, 987.0, 17.0, 880.0, 682.0, 858.0, 1000.0, 240.0, 339.0, 709.0, 281.0, 264.0, 229.0, 858.0, 875.0, 798.0, 224.0], "capacity": 4890}}