{"input": {"instance_type": "strongly_correlated", "instance_size": "20", "favoured_solution_space_types": "c", "mutable_parameter_space_size": "0.05", "instance_index": 16}, "Is strong?": false, "parameters": {"epsilon": 0.01, "strong": false, "seed": 0}, "enforced_elements": [], "disallowed_elements": [], "constrained_set": [{"variables": [12, 13], "rhs": 1}], "result": {"original_runtime": 0.00033593177795410156, "c_min": 4918, "c_max": 5975, "n_subproblems": 1057, "solution": "Solution was already CF with cost 0.", "solved": true, "Final_UB": 0, "Final_LB": 0, "total_iterations": 0, "final_solution_weights": [362.0, 481.0, 417.0, 447.0, 410.0, 658.0, 259.0, 635.0, 11.0, 303.0, 336.0, 142.0, 744.0, 311.0, 790.0, 957.0, 254.0, 894.0, 808.0, 668.0], "final_solution_delta": [0.0, 0.0, 0.0, 0.0, 0.0, 0.0, 0.0, 0.0, 0.0, 0.0, 0.0, 0.0, 0.0, 0.0, 0.0, 0.0, 0.0, 0.0, 0.0, 0.0], "final_solution_capacity": 4771, "incumbents": {}, "lbs": {}, "cuts": [], "total_time_for_LBs": 0, "time_per_iteration_in_s": {}}, "total_runtime_in_s": 1.5254392623901367, "instance": {"weights": [362.0, 481.0, 417.0, 447.0, 410.0, 658.0, 259.0, 635.0, 11.0, 303.0, 336.0, 142.0, 744.0, 311.0, 790.0, 957.0, 254.0, 894.0, 808.0, 668.0], "costs": [462.0, 581.0, 517.0, 547.0, 510.0, 758.0, 359.0, 735.0, 111.0, 403.0, 436.0, 242.0, 844.0, 411.0, 890.0, 1057.0, 354.0, 994.0, 908.0, 768.0], "capacity": 4771}}