{"input": {"instance_type": "uncorrelated", "instance_size": "20", "favoured_solution_space_types": "c", "mutable_parameter_space_size": "0.05", "instance_index": 16}, "Is strong?": false, "parameters": {"epsilon": 0.01, "strong": false, "seed": 0}, "enforced_elements": [], "disallowed_elements": [], "constrained_set": [{"variables": [12, 13], "rhs": 1}], "result": {"original_runtime": 0.0004010200500488281, "c_min": 1719, "c_max": 2395, "n_subproblems": 676, "solution": "Solution was already CF with cost 0.", "solved": true, "Final_UB": 0, "Final_LB": 0, "total_iterations": 0, "final_solution_weights": [796.0, 455.0, 614.0, 500.0, 23.0, 144.0, 233.0, 407.0, 370.0, 540.0, 660.0, 401.0, 320.0, 512.0, 953.0, 783.0, 656.0, 817.0, 228.0, 101.0], "final_solution_delta": [0.0, 0.0, 0.0, 0.0, 0.0, 0.0, 0.0, 0.0, 0.0, 0.0, 0.0, 0.0, 0.0, 0.0, 0.0, 0.0, 0.0, 0.0, 0.0, 0.0], "final_solution_capacity": 4214, "incumbents": {}, "lbs": {}, "cuts": [], "total_time_for_LBs": 0, "time_per_iteration_in_s": {}}, "total_runtime_in_s": 0.029625415802001953, "instance": {"weights": [796.0, 455.0, 614.0, 500.0, 23.0, 144.0, 233.0, 407.0, 370.0, 540.0, 660.0, 401.0, 320.0, 512.0, 953.0, 783.0, 656.0, 817.0, 228.0, 101.0], "costs": [362.0, 481.0, 417.0, 447.0, 410.0, 658.0, 259.0, 635.0, 11.0, 303.0, 336.0, 142.0, 744.0, 311.0, 790.0, 957.0, 254.0, 894.0, 808.0, 668.0], "capacity": 4214}}