{"input": {"instance_type": "strongly_correlated", "instance_size": "40", "favoured_solution_space_types": "n", "mutable_parameter_space_size": "0.05", "instance_index": 17}, "Is strong?": false, "parameters": {"epsilon": 0.01, "strong": false, "seed": 0}, "enforced_elements": [], "disallowed_elements": [20, 37], "constrained_set": [], "result": {"original_runtime": 0.026887893676757812, "c_min": 11385, "c_max": 13941, "n_subproblems": 2556, "solution": "Solution was already CF with cost 0.", "solved": true, "Final_UB": 0, "Final_LB": 0, "total_iterations": 0, "final_solution_weights": [522.0, 807.0, 961.0, 290.0, 767.0, 705.0, 662.0, 111.0, 27.0, 385.0, 747.0, 253.0, 502.0, 318.0, 847.0, 946.0, 402.0, 999.0, 63.0, 813.0, 876.0, 151.0, 706.0, 559.0, 956.0, 211.0, 540.0, 883.0, 639.0, 310.0, 82.0, 940.0, 475.0, 997.0, 142.0, 813.0, 814.0, 920.0, 18.0, 373.0], "final_solution_delta": [0.0, 0.0, 0.0, 0.0, 0.0, 0.0, 0.0, 0.0, 0.0, 0.0, 0.0, 0.0, 0.0, 0.0, 0.0, 0.0, 0.0, 0.0, 0.0, 0.0, 0.0, 0.0, 0.0, 0.0, 0.0, 0.0, 0.0, 0.0, 0.0, 0.0, 0.0, 0.0, 0.0, 0.0, 0.0, 0.0, 0.0, 0.0, 0.0, 0.0], "final_solution_capacity": 11256, "incumbents": {}, "lbs": {}, "cuts": [], "total_time_for_LBs": 0, "time_per_iteration_in_s": {}}, "total_runtime_in_s": 1.679016351699829, "instance": {"weights": [522.0, 807.0, 961.0, 290.0, 767.0, 705.0, 662.0, 111.0, 27.0, 385.0, 747.0, 253.0, 502.0, 318.0, 847.0, 946.0, 402.0, 999.0, 63.0, 813.0, 876.0, 151.0, 706.0, 559.0, 956.0, 211.0, 540.0, 883.0, 639.0, 310.0, 82.0, 940.0, 475.0, 997.0, 142.0, 813.0, 814.0, 920.0, 18.0, 373.0], "costs": [622.0, 907.0, 1061.0, 390.0, 867.0, 805.0, 762.0, 211.0, 127.0, 485.0, 847.0, 353.0, 602.0, 418.0, 947.0, 1046.0, 502.0, 1099.0, 163.0, 913.0, 976.0, 251.0, 806.0, 659.0, 1056.0, 311.0, 640.0, 983.0, 739.0, 410.0, 182.0, 1040.0, 575.0, 1097.0, 242.0, 913.0, 914.0, 1020.0, 118.0, 473.0], "capacity": 11256}}