{"input": {"instance_type": "strongly_correlated", "instance_size": "20", "favoured_solution_space_types": "c", "mutable_parameter_space_size": "0.05", "instance_index": 17}, "Is strong?": true, "parameters": {"epsilon": 0.01, "strong": true, "seed": 0}, "enforced_elements": [], "disallowed_elements": [], "constrained_set": [{"variables": [12, 13], "rhs": 1}], "result": {"original_runtime": 0.00040411949157714844, "c_min": 5692, "c_max": 7021, "n_subproblems": 1329, "solution": "Solution was already CF with cost 0.", "solved": true, "Final_UB": 0, "Final_LB": 0, "total_iterations": 0, "final_solution_weights": [522.0, 807.0, 961.0, 290.0, 767.0, 705.0, 662.0, 111.0, 27.0, 385.0, 747.0, 253.0, 502.0, 318.0, 847.0, 946.0, 402.0, 999.0, 63.0, 813.0], "final_solution_delta": [0.0, 0.0, 0.0, 0.0, 0.0, 0.0, 0.0, 0.0, 0.0, 0.0, 0.0, 0.0, 0.0, 0.0, 0.0, 0.0, 0.0, 0.0, 0.0, 0.0], "final_solution_capacity": 5628, "incumbents": {}, "lbs": {}, "cuts": [], "total_time_for_LBs": 0, "time_per_iteration_in_s": {}}, "total_runtime_in_s": 4.240978956222534, "instance": {"weights": [522.0, 807.0, 961.0, 290.0, 767.0, 705.0, 662.0, 111.0, 27.0, 385.0, 747.0, 253.0, 502.0, 318.0, 847.0, 946.0, 402.0, 999.0, 63.0, 813.0], "costs": [622.0, 907.0, 1061.0, 390.0, 867.0, 805.0, 762.0, 211.0, 127.0, 485.0, 847.0, 353.0, 602.0, 418.0, 947.0, 1046.0, 502.0, 1099.0, 163.0, 913.0], "capacity": 5628}}