{"input": {"instance_type": "uncorrelated", "instance_size": "30", "favoured_solution_space_types": "c", "mutable_parameter_space_size": "0.05", "instance_index": 17}, "Is strong?": true, "parameters": {"epsilon": 0.01, "strong": true, "seed": 0}, "enforced_elements": [], "disallowed_elements": [], "constrained_set": [{"variables": [27, 12, 24], "rhs": 1}], "result": {"original_runtime": 0.0006520748138427734, "c_min": 2659, "c_max": 3928, "n_subproblems": 1269, "solution": "Solution was already CF with cost 0.", "solved": true, "Final_UB": 0, "Final_LB": 0, "total_iterations": 0, "final_solution_weights": [527.0, 360.0, 268.0, 787.0, 193.0, 604.0, 556.0, 554.0, 130.0, 659.0, 917.0, 319.0, 333.0, 910.0, 579.0, 273.0, 10.0, 754.0, 349.0, 468.0, 273.0, 634.0, 729.0, 310.0, 76.0, 987.0, 911.0, 21.0, 565.0, 686.0], "final_solution_delta": [0.0, 0.0, 0.0, 0.0, 0.0, 0.0, 0.0, 0.0, 0.0, 0.0, 0.0, 0.0, 0.0, 0.0, 0.0, 0.0, 0.0, 0.0, 0.0, 0.0, 0.0, 0.0, 0.0, 0.0, 0.0, 0.0, 0.0, 0.0, 0.0, 0.0], "final_solution_capacity": 7526, "incumbents": {}, "lbs": {}, "cuts": [], "total_time_for_LBs": 0, "time_per_iteration_in_s": {}}, "total_runtime_in_s": 1.5726737976074219, "instance": {"weights": [527.0, 360.0, 268.0, 787.0, 193.0, 604.0, 556.0, 554.0, 130.0, 659.0, 917.0, 319.0, 333.0, 910.0, 579.0, 273.0, 10.0, 754.0, 349.0, 468.0, 273.0, 634.0, 729.0, 310.0, 76.0, 987.0, 911.0, 21.0, 565.0, 686.0], "costs": [522.0, 807.0, 961.0, 290.0, 767.0, 705.0, 662.0, 111.0, 27.0, 385.0, 747.0, 253.0, 502.0, 318.0, 847.0, 946.0, 402.0, 999.0, 63.0, 813.0, 876.0, 151.0, 706.0, 559.0, 956.0, 211.0, 540.0, 883.0, 639.0, 310.0], "capacity": 7526}}