{"input": {"instance_type": "uncorrelated", "instance_size": "20", "favoured_solution_space_types": "c", "mutable_parameter_space_size": "0.05", "instance_index": 17}, "Is strong?": true, "parameters": {"epsilon": 0.01, "strong": true, "seed": 0}, "enforced_elements": [], "disallowed_elements": [], "constrained_set": [{"variables": [12, 13], "rhs": 1}], "result": {"original_runtime": 0.00037217140197753906, "c_min": 2194, "c_max": 3351, "n_subproblems": 1157, "solution": "Solution was already CF with cost 0.", "solved": true, "Final_UB": 0, "Final_LB": 0, "total_iterations": 0, "final_solution_weights": [527.0, 360.0, 268.0, 787.0, 193.0, 604.0, 556.0, 554.0, 130.0, 659.0, 917.0, 319.0, 333.0, 910.0, 579.0, 273.0, 10.0, 754.0, 349.0, 468.0], "final_solution_delta": [0.0, 0.0, 0.0, 0.0, 0.0, 0.0, 0.0, 0.0, 0.0, 0.0, 0.0, 0.0, 0.0, 0.0, 0.0, 0.0, 0.0, 0.0, 0.0, 0.0], "final_solution_capacity": 5017, "incumbents": {}, "lbs": {}, "cuts": [], "total_time_for_LBs": 0, "time_per_iteration_in_s": {}}, "total_runtime_in_s": 0.024456024169921875, "instance": {"weights": [527.0, 360.0, 268.0, 787.0, 193.0, 604.0, 556.0, 554.0, 130.0, 659.0, 917.0, 319.0, 333.0, 910.0, 579.0, 273.0, 10.0, 754.0, 349.0, 468.0], "costs": [522.0, 807.0, 961.0, 290.0, 767.0, 705.0, 662.0, 111.0, 27.0, 385.0, 747.0, 253.0, 502.0, 318.0, 847.0, 946.0, 402.0, 999.0, 63.0, 813.0], "capacity": 5017}}