{"input": {"instance_type": "uncorrelated", "instance_size": "10", "favoured_solution_space_types": "p", "mutable_parameter_space_size": "0.05", "instance_index": 17}, "Is strong?": false, "parameters": {"epsilon": 0.01, "strong": false, "seed": 0}, "enforced_elements": [5], "disallowed_elements": [], "constrained_set": [], "result": {"original_runtime": 0.00022411346435546875, "c_min": 1491, "c_max": 2013, "n_subproblems": 522, "solved": "infeasible", "Final_UB": 1e+100, "Final_LB": 1e+100, "total_iterations": 1, "lbs": {"1491": 1e+100}, "cuts": [[0, 3, 7, 9], [3, 6, 7, 9], [0, 3, 7, 8, 9]], "total_time_for_LBs": -0.0007774829864501953, "time_per_iteration_in_s": {"1491": 0.03011488914489746}}, "total_runtime_in_s": 0.05829119682312012, "instance": {"weights": [527.0, 360.0, 268.0, 787.0, 193.0, 604.0, 556.0, 554.0, 130.0, 659.0], "costs": [522.0, 807.0, 961.0, 290.0, 767.0, 705.0, 662.0, 111.0, 27.0, 385.0], "capacity": 2508}}