{"input": {"instance_type": "strongly_correlated", "instance_size": "30", "favoured_solution_space_types": "c", "mutable_parameter_space_size": "0.05", "instance_index": 18}, "Is strong?": true, "parameters": {"epsilon": 0.01, "strong": true, "seed": 0}, "enforced_elements": [], "disallowed_elements": [], "constrained_set": [{"variables": [27, 12, 24], "rhs": 1}], "result": {"original_runtime": 0.0009050369262695312, "c_min": 7385, "c_max": 9042, "n_subproblems": 1657, "solution": "Solution was already CF with cost 0.", "solved": true, "Final_UB": 0, "Final_LB": 0, "total_iterations": 0, "final_solution_weights": [182.0, 662.0, 335.0, 198.0, 490.0, 495.0, 480.0, 459.0, 265.0, 254.0, 692.0, 325.0, 675.0, 788.0, 866.0, 945.0, 235.0, 238.0, 735.0, 576.0, 202.0, 678.0, 874.0, 836.0, 217.0, 299.0, 7.0, 976.0, 221.0, 728.0], "final_solution_delta": [0.0, 0.0, 0.0, 0.0, 0.0, 0.0, 0.0, 0.0, 0.0, 0.0, 0.0, 0.0, 0.0, 0.0, 0.0, 0.0, 0.0, 0.0, 0.0, 0.0, 0.0, 0.0, 0.0, 0.0, 0.0, 0.0, 0.0, 0.0, 0.0, 0.0], "final_solution_capacity": 7273, "incumbents": {}, "lbs": {}, "cuts": [], "total_time_for_LBs": 0, "time_per_iteration_in_s": {}}, "total_runtime_in_s": 3.0441017150878906, "instance": {"weights": [182.0, 662.0, 335.0, 198.0, 490.0, 495.0, 480.0, 459.0, 265.0, 254.0, 692.0, 325.0, 675.0, 788.0, 866.0, 945.0, 235.0, 238.0, 735.0, 576.0, 202.0, 678.0, 874.0, 836.0, 217.0, 299.0, 7.0, 976.0, 221.0, 728.0], "costs": [282.0, 762.0, 435.0, 298.0, 590.0, 595.0, 580.0, 559.0, 365.0, 354.0, 792.0, 425.0, 775.0, 888.0, 966.0, 1045.0, 335.0, 338.0, 835.0, 676.0, 302.0, 778.0, 974.0, 936.0, 317.0, 399.0, 107.0, 1076.0, 321.0, 828.0], "capacity": 7273}}