{"input": {"instance_type": "strongly_correlated", "instance_size": "20", "favoured_solution_space_types": "c", "mutable_parameter_space_size": "0.05", "instance_index": 18}, "Is strong?": false, "parameters": {"epsilon": 0.01, "strong": false, "seed": 0}, "enforced_elements": [], "disallowed_elements": [], "constrained_set": [{"variables": [12, 13], "rhs": 1}], "result": {"original_runtime": 0.00033402442932128906, "c_min": 4990, "c_max": 6063, "n_subproblems": 1073, "solution": "Solution was already CF with cost 0.", "solved": true, "Final_UB": 0, "Final_LB": 0, "total_iterations": 0, "final_solution_weights": [182.0, 662.0, 335.0, 198.0, 490.0, 495.0, 480.0, 459.0, 265.0, 254.0, 692.0, 325.0, 675.0, 788.0, 866.0, 945.0, 235.0, 238.0, 735.0, 576.0], "final_solution_delta": [0.0, 0.0, 0.0, 0.0, 0.0, 0.0, 0.0, 0.0, 0.0, 0.0, 0.0, 0.0, 0.0, 0.0, 0.0, 0.0, 0.0, 0.0, 0.0, 0.0], "final_solution_capacity": 4848, "incumbents": {}, "lbs": {}, "cuts": [], "total_time_for_LBs": 0, "time_per_iteration_in_s": {}}, "total_runtime_in_s": 2.315314769744873, "instance": {"weights": [182.0, 662.0, 335.0, 198.0, 490.0, 495.0, 480.0, 459.0, 265.0, 254.0, 692.0, 325.0, 675.0, 788.0, 866.0, 945.0, 235.0, 238.0, 735.0, 576.0], "costs": [282.0, 762.0, 435.0, 298.0, 590.0, 595.0, 580.0, 559.0, 365.0, 354.0, 792.0, 425.0, 775.0, 888.0, 966.0, 1045.0, 335.0, 338.0, 835.0, 676.0], "capacity": 4848}}