{"input": {"instance_type": "uncorrelated", "instance_size": "20", "favoured_solution_space_types": "c", "mutable_parameter_space_size": "0.05", "instance_index": 18}, "Is strong?": true, "parameters": {"epsilon": 0.01, "strong": true, "seed": 0}, "enforced_elements": [], "disallowed_elements": [], "constrained_set": [{"variables": [12, 13], "rhs": 1}], "result": {"original_runtime": 0.00041604042053222656, "c_min": 1919, "c_max": 2579, "n_subproblems": 660, "solution": "Solution was already CF with cost 0.", "solved": true, "Final_UB": 0, "Final_LB": 0, "total_iterations": 0, "final_solution_weights": [589.0, 535.0, 340.0, 812.0, 824.0, 545.0, 89.0, 148.0, 153.0, 79.0, 649.0, 544.0, 204.0, 911.0, 630.0, 793.0, 819.0, 682.0, 527.0, 985.0], "final_solution_delta": [0.0, 0.0, 0.0, 0.0, 0.0, 0.0, 0.0, 0.0, 0.0, 0.0, 0.0, 0.0, 0.0, 0.0, 0.0, 0.0, 0.0, 0.0, 0.0, 0.0], "final_solution_capacity": 4954, "incumbents": {}, "lbs": {}, "cuts": [], "total_time_for_LBs": 0, "time_per_iteration_in_s": {}}, "total_runtime_in_s": 1.4905338287353516, "instance": {"weights": [589.0, 535.0, 340.0, 812.0, 824.0, 545.0, 89.0, 148.0, 153.0, 79.0, 649.0, 544.0, 204.0, 911.0, 630.0, 793.0, 819.0, 682.0, 527.0, 985.0], "costs": [182.0, 662.0, 335.0, 198.0, 490.0, 495.0, 480.0, 459.0, 265.0, 254.0, 692.0, 325.0, 675.0, 788.0, 866.0, 945.0, 235.0, 238.0, 735.0, 576.0], "capacity": 4954}}