{"input": {"instance_type": "uncorrelated", "instance_size": "30", "favoured_solution_space_types": "c", "mutable_parameter_space_size": "0.05", "instance_index": 18}, "Is strong?": false, "parameters": {"epsilon": 0.01, "strong": false, "seed": 0}, "enforced_elements": [], "disallowed_elements": [], "constrained_set": [{"variables": [27, 12, 24], "rhs": 1}], "result": {"original_runtime": 0.0009529590606689453, "c_min": 2689, "c_max": 3972, "n_subproblems": 1283, "solution": "Solution was already CF with cost 0.", "solved": true, "Final_UB": 0, "Final_LB": 0, "total_iterations": 0, "final_solution_weights": [589.0, 535.0, 340.0, 812.0, 824.0, 545.0, 89.0, 148.0, 153.0, 79.0, 649.0, 544.0, 204.0, 911.0, 630.0, 793.0, 819.0, 682.0, 527.0, 985.0, 133.0, 690.0, 885.0, 479.0, 818.0, 182.0, 417.0, 271.0, 397.0, 702.0], "final_solution_delta": [0.0, 0.0, 0.0, 0.0, 0.0, 0.0, 0.0, 0.0, 0.0, 0.0, 0.0, 0.0, 0.0, 0.0, 0.0, 0.0, 0.0, 0.0, 0.0, 0.0, 0.0, 0.0, 0.0, 0.0, 0.0, 0.0, 0.0, 0.0, 0.0, 0.0], "final_solution_capacity": 7432, "incumbents": {}, "lbs": {}, "cuts": [], "total_time_for_LBs": 0, "time_per_iteration_in_s": {}}, "total_runtime_in_s": 0.023975372314453125, "instance": {"weights": [589.0, 535.0, 340.0, 812.0, 824.0, 545.0, 89.0, 148.0, 153.0, 79.0, 649.0, 544.0, 204.0, 911.0, 630.0, 793.0, 819.0, 682.0, 527.0, 985.0, 133.0, 690.0, 885.0, 479.0, 818.0, 182.0, 417.0, 271.0, 397.0, 702.0], "costs": [182.0, 662.0, 335.0, 198.0, 490.0, 495.0, 480.0, 459.0, 265.0, 254.0, 692.0, 325.0, 675.0, 788.0, 866.0, 945.0, 235.0, 238.0, 735.0, 576.0, 202.0, 678.0, 874.0, 836.0, 217.0, 299.0, 7.0, 976.0, 221.0, 728.0], "capacity": 7432}}