{"input": {"instance_type": "strongly_correlated", "instance_size": "30", "favoured_solution_space_types": "c", "mutable_parameter_space_size": "0.05", "instance_index": 19}, "Is strong?": false, "parameters": {"epsilon": 0.01, "strong": false, "seed": 0}, "enforced_elements": [], "disallowed_elements": [], "constrained_set": [{"variables": [27, 12, 24], "rhs": 1}], "result": {"original_runtime": 0.0007991790771484375, "c_min": 7149, "c_max": 8738, "n_subproblems": 1589, "solution": "Solution was already CF with cost 0.", "solved": true, "Final_UB": 0, "Final_LB": 0, "total_iterations": 0, "final_solution_weights": [678.0, 785.0, 521.0, 512.0, 394.0, 997.0, 290.0, 149.0, 262.0, 261.0, 328.0, 268.0, 108.0, 326.0, 312.0, 570.0, 202.0, 71.0, 203.0, 543.0, 389.0, 734.0, 804.0, 415.0, 100.0, 728.0, 756.0, 397.0, 659.0, 300.0], "final_solution_delta": [0.0, 0.0, 0.0, 0.0, 0.0, 0.0, 0.0, 0.0, 0.0, 0.0, 0.0, 0.0, 0.0, 0.0, 0.0, 0.0, 0.0, 0.0, 0.0, 0.0, 0.0, 0.0, 0.0, 0.0, 0.0, 0.0, 0.0, 0.0, 0.0, 0.0], "final_solution_capacity": 6906, "incumbents": {}, "lbs": {}, "cuts": [], "total_time_for_LBs": 0, "time_per_iteration_in_s": {}}, "total_runtime_in_s": 3.2848563194274902, "instance": {"weights": [678.0, 785.0, 521.0, 512.0, 394.0, 997.0, 290.0, 149.0, 262.0, 261.0, 328.0, 268.0, 108.0, 326.0, 312.0, 570.0, 202.0, 71.0, 203.0, 543.0, 389.0, 734.0, 804.0, 415.0, 100.0, 728.0, 756.0, 397.0, 659.0, 300.0], "costs": [778.0, 885.0, 621.0, 612.0, 494.0, 1097.0, 390.0, 249.0, 362.0, 361.0, 428.0, 368.0, 208.0, 426.0, 412.0, 670.0, 302.0, 171.0, 303.0, 643.0, 489.0, 834.0, 904.0, 515.0, 200.0, 828.0, 856.0, 497.0, 759.0, 400.0], "capacity": 6906}}