{"input": {"instance_type": "strongly_correlated", "instance_size": "50", "favoured_solution_space_types": "p", "mutable_parameter_space_size": "0.05", "instance_index": 19}, "Is strong?": false, "parameters": {"epsilon": 0.01, "strong": false, "seed": 0}, "enforced_elements": [38, 40], "disallowed_elements": [], "constrained_set": [], "result": {"original_runtime": 0.024782896041870117, "c_min": 11814, "c_max": 14428, "n_subproblems": 2614, "solution": "Solution was already CF with cost 0.", "solved": true, "Final_UB": 0, "Final_LB": 0, "total_iterations": 0, "final_solution_weights": [678.0, 785.0, 521.0, 512.0, 394.0, 997.0, 290.0, 149.0, 262.0, 261.0, 328.0, 268.0, 108.0, 326.0, 312.0, 570.0, 202.0, 71.0, 203.0, 543.0, 389.0, 734.0, 804.0, 415.0, 100.0, 728.0, 756.0, 397.0, 659.0, 300.0, 915.0, 834.0, 792.0, 954.0, 233.0, 546.0, 732.0, 802.0, 391.0, 139.0, 627.0, 105.0, 706.0, 7.0, 455.0, 480.0, 120.0, 481.0, 501.0, 370.0], "final_solution_delta": [0.0, 0.0, 0.0, 0.0, 0.0, 0.0, 0.0, 0.0, 0.0, 0.0, 0.0, 0.0, 0.0, 0.0, 0.0, 0.0, 0.0, 0.0, 0.0, 0.0, 0.0, 0.0, 0.0, 0.0, 0.0, 0.0, 0.0, 0.0, 0.0, 0.0, 0.0, 0.0, 0.0, 0.0, 0.0, 0.0, 0.0, 0.0, 0.0, 0.0, 0.0, 0.0, 0.0, 0.0, 0.0, 0.0, 0.0, 0.0, 0.0, 0.0], "final_solution_capacity": 11510, "incumbents": {}, "lbs": {}, "cuts": [], "total_time_for_LBs": 0, "time_per_iteration_in_s": {}}, "total_runtime_in_s": 1.6183843612670898, "instance": {"weights": [678.0, 785.0, 521.0, 512.0, 394.0, 997.0, 290.0, 149.0, 262.0, 261.0, 328.0, 268.0, 108.0, 326.0, 312.0, 570.0, 202.0, 71.0, 203.0, 543.0, 389.0, 734.0, 804.0, 415.0, 100.0, 728.0, 756.0, 397.0, 659.0, 300.0, 915.0, 834.0, 792.0, 954.0, 233.0, 546.0, 732.0, 802.0, 391.0, 139.0, 627.0, 105.0, 706.0, 7.0, 455.0, 480.0, 120.0, 481.0, 501.0, 370.0], "costs": [778.0, 885.0, 621.0, 612.0, 494.0, 1097.0, 390.0, 249.0, 362.0, 361.0, 428.0, 368.0, 208.0, 426.0, 412.0, 670.0, 302.0, 171.0, 303.0, 643.0, 489.0, 834.0, 904.0, 515.0, 200.0, 828.0, 856.0, 497.0, 759.0, 400.0, 1015.0, 934.0, 892.0, 1054.0, 333.0, 646.0, 832.0, 902.0, 491.0, 239.0, 727.0, 205.0, 806.0, 107.0, 555.0, 580.0, 220.0, 581.0, 601.0, 470.0], "capacity": 11510}}