{"input": {"instance_type": "uncorrelated", "instance_size": "30", "favoured_solution_space_types": "c", "mutable_parameter_space_size": "0.05", "instance_index": 19}, "Is strong?": false, "parameters": {"epsilon": 0.01, "strong": false, "seed": 0}, "enforced_elements": [], "disallowed_elements": [], "constrained_set": [{"variables": [27, 12, 24], "rhs": 1}], "result": {"original_runtime": 0.000659942626953125, "c_min": 3160, "c_max": 4152, "n_subproblems": 992, "solution": "Solution was already CF with cost 0.", "solved": true, "Final_UB": 0, "Final_LB": 0, "total_iterations": 0, "final_solution_weights": [897.0, 867.0, 891.0, 245.0, 26.0, 377.0, 114.0, 706.0, 263.0, 129.0, 284.0, 404.0, 736.0, 462.0, 302.0, 678.0, 46.0, 210.0, 688.0, 753.0, 102.0, 67.0, 506.0, 657.0, 17.0, 437.0, 275.0, 86.0, 172.0, 286.0], "final_solution_delta": [0.0, 0.0, 0.0, 0.0, 0.0, 0.0, 0.0, 0.0, 0.0, 0.0, 0.0, 0.0, 0.0, 0.0, 0.0, 0.0, 0.0, 0.0, 0.0, 0.0, 0.0, 0.0, 0.0, 0.0, 0.0, 0.0, 0.0, 0.0, 0.0, 0.0], "final_solution_capacity": 6654, "incumbents": {}, "lbs": {}, "cuts": [], "total_time_for_LBs": 0, "time_per_iteration_in_s": {}}, "total_runtime_in_s": 0.05634880065917969, "instance": {"weights": [897.0, 867.0, 891.0, 245.0, 26.0, 377.0, 114.0, 706.0, 263.0, 129.0, 284.0, 404.0, 736.0, 462.0, 302.0, 678.0, 46.0, 210.0, 688.0, 753.0, 102.0, 67.0, 506.0, 657.0, 17.0, 437.0, 275.0, 86.0, 172.0, 286.0], "costs": [678.0, 785.0, 521.0, 512.0, 394.0, 997.0, 290.0, 149.0, 262.0, 261.0, 328.0, 268.0, 108.0, 326.0, 312.0, 570.0, 202.0, 71.0, 203.0, 543.0, 389.0, 734.0, 804.0, 415.0, 100.0, 728.0, 756.0, 397.0, 659.0, 300.0], "capacity": 6654}}