{"input": {"instance_type": "uncorrelated", "instance_size": "40", "favoured_solution_space_types": "c", "mutable_parameter_space_size": "0.05", "instance_index": 19}, "Is strong?": true, "parameters": {"epsilon": 0.01, "strong": true, "seed": 0}, "enforced_elements": [], "disallowed_elements": [], "constrained_set": [{"variables": [24, 26, 2, 16], "rhs": 1}], "result": {"original_runtime": 0.0008709430694580078, "c_min": 4224, "c_max": 5883, "n_subproblems": 1659, "solution": "Solution was already CF with cost 0.", "solved": true, "Final_UB": 0, "Final_LB": 0, "total_iterations": 0, "final_solution_weights": [897.0, 867.0, 891.0, 245.0, 26.0, 377.0, 114.0, 706.0, 263.0, 129.0, 284.0, 404.0, 736.0, 462.0, 302.0, 678.0, 46.0, 210.0, 688.0, 753.0, 102.0, 67.0, 506.0, 657.0, 17.0, 437.0, 275.0, 86.0, 172.0, 286.0, 468.0, 113.0, 621.0, 879.0, 684.0, 68.0, 649.0, 634.0, 9.0, 385.0], "final_solution_delta": [0.0, 0.0, 0.0, 0.0, 0.0, 0.0, 0.0, 0.0, 0.0, 0.0, 0.0, 0.0, 0.0, 0.0, 0.0, 0.0, 0.0, 0.0, 0.0, 0.0, 0.0, 0.0, 0.0, 0.0, 0.0, 0.0, 0.0, 0.0, 0.0, 0.0, 0.0, 0.0, 0.0, 0.0, 0.0, 0.0, 0.0, 0.0, 0.0, 0.0], "final_solution_capacity": 8872, "incumbents": {}, "lbs": {}, "cuts": [], "total_time_for_LBs": 0, "time_per_iteration_in_s": {}}, "total_runtime_in_s": 3.0333621501922607, "instance": {"weights": [897.0, 867.0, 891.0, 245.0, 26.0, 377.0, 114.0, 706.0, 263.0, 129.0, 284.0, 404.0, 736.0, 462.0, 302.0, 678.0, 46.0, 210.0, 688.0, 753.0, 102.0, 67.0, 506.0, 657.0, 17.0, 437.0, 275.0, 86.0, 172.0, 286.0, 468.0, 113.0, 621.0, 879.0, 684.0, 68.0, 649.0, 634.0, 9.0, 385.0], "costs": [678.0, 785.0, 521.0, 512.0, 394.0, 997.0, 290.0, 149.0, 262.0, 261.0, 328.0, 268.0, 108.0, 326.0, 312.0, 570.0, 202.0, 71.0, 203.0, 543.0, 389.0, 734.0, 804.0, 415.0, 100.0, 728.0, 756.0, 397.0, 659.0, 300.0, 915.0, 834.0, 792.0, 954.0, 233.0, 546.0, 732.0, 802.0, 391.0, 139.0], "capacity": 8872}}