{"input": {"instance_type": "strongly_correlated", "instance_size": "20", "favoured_solution_space_types": "c", "mutable_parameter_space_size": "0.05", "instance_index": 1}, "Is strong?": true, "parameters": {"epsilon": 0.01, "strong": true, "seed": 0}, "enforced_elements": [], "disallowed_elements": [], "constrained_set": [{"variables": [12, 13], "rhs": 1}], "result": {"original_runtime": 0.00039005279541015625, "c_min": 4795, "c_max": 5914, "n_subproblems": 1119, "solution": "Solution was already CF with cost 0.", "solved": true, "Final_UB": 0, "Final_LB": 0, "total_iterations": 0, "final_solution_weights": [135.0, 848.0, 764.0, 256.0, 496.0, 450.0, 652.0, 789.0, 94.0, 29.0, 836.0, 433.0, 763.0, 3.0, 446.0, 722.0, 229.0, 946.0, 902.0, 31.0], "final_solution_delta": [0.0, 0.0, 0.0, 0.0, 0.0, 0.0, 0.0, 0.0, 0.0, 0.0, 0.0, 0.0, 0.0, 0.0, 0.0, 0.0, 0.0, 0.0, 0.0, 0.0], "final_solution_capacity": 4717, "incumbents": {}, "lbs": {}, "cuts": [], "total_time_for_LBs": 0, "time_per_iteration_in_s": {}}, "total_runtime_in_s": 1.5979745388031006, "instance": {"weights": [135.0, 848.0, 764.0, 256.0, 496.0, 450.0, 652.0, 789.0, 94.0, 29.0, 836.0, 433.0, 763.0, 3.0, 446.0, 722.0, 229.0, 946.0, 902.0, 31.0], "costs": [235.0, 948.0, 864.0, 356.0, 596.0, 550.0, 752.0, 889.0, 194.0, 129.0, 936.0, 533.0, 863.0, 103.0, 546.0, 822.0, 329.0, 1046.0, 1002.0, 131.0], "capacity": 4717}}