{"input": {"instance_type": "strongly_correlated", "instance_size": "40", "favoured_solution_space_types": "c", "mutable_parameter_space_size": "0.05", "instance_index": 1}, "Is strong?": true, "parameters": {"epsilon": 0.01, "strong": true, "seed": 0}, "enforced_elements": [], "disallowed_elements": [], "constrained_set": [{"variables": [24, 26, 2, 16], "rhs": 1}], "result": {"original_runtime": 1.5080490112304688, "c_min": 9636, "c_max": 11828, "n_subproblems": 2192, "solution": "Solution was already CF with cost 0.", "solved": true, "Final_UB": 0, "Final_LB": 0, "total_iterations": 0, "final_solution_weights": [135.0, 848.0, 764.0, 256.0, 496.0, 450.0, 652.0, 789.0, 94.0, 29.0, 836.0, 433.0, 763.0, 3.0, 446.0, 722.0, 229.0, 946.0, 902.0, 31.0, 26.0, 542.0, 940.0, 382.0, 217.0, 423.0, 30.0, 222.0, 438.0, 496.0, 234.0, 231.0, 219.0, 460.0, 290.0, 22.0, 838.0, 557.0, 643.0, 186.0], "final_solution_delta": [0.0, 0.0, 0.0, 0.0, 0.0, 0.0, 0.0, 0.0, 0.0, 0.0, 0.0, 0.0, 0.0, 0.0, 0.0, 0.0, 0.0, 0.0, 0.0, 0.0, 0.0, 0.0, 0.0, 0.0, 0.0, 0.0, 0.0, 0.0, 0.0, 0.0, 0.0, 0.0, 0.0, 0.0, 0.0, 0.0, 0.0, 0.0, 0.0, 0.0], "final_solution_capacity": 9434, "incumbents": {}, "lbs": {}, "cuts": [], "total_time_for_LBs": 0, "time_per_iteration_in_s": {}}, "total_runtime_in_s": 5.140790939331055, "instance": {"weights": [135.0, 848.0, 764.0, 256.0, 496.0, 450.0, 652.0, 789.0, 94.0, 29.0, 836.0, 433.0, 763.0, 3.0, 446.0, 722.0, 229.0, 946.0, 902.0, 31.0, 26.0, 542.0, 940.0, 382.0, 217.0, 423.0, 30.0, 222.0, 438.0, 496.0, 234.0, 231.0, 219.0, 460.0, 290.0, 22.0, 838.0, 557.0, 643.0, 186.0], "costs": [235.0, 948.0, 864.0, 356.0, 596.0, 550.0, 752.0, 889.0, 194.0, 129.0, 936.0, 533.0, 863.0, 103.0, 546.0, 822.0, 329.0, 1046.0, 1002.0, 131.0, 126.0, 642.0, 1040.0, 482.0, 317.0, 523.0, 130.0, 322.0, 538.0, 596.0, 334.0, 331.0, 319.0, 560.0, 390.0, 122.0, 938.0, 657.0, 743.0, 286.0], "capacity": 9434}}