{"input": {"instance_type": "strongly_correlated", "instance_size": "30", "favoured_solution_space_types": "c", "mutable_parameter_space_size": "0.05", "instance_index": 1}, "Is strong?": true, "parameters": {"epsilon": 0.01, "strong": true, "seed": 0}, "enforced_elements": [], "disallowed_elements": [], "constrained_set": [{"variables": [27, 12, 24], "rhs": 1}], "result": {"original_runtime": 1.5198149681091309, "c_min": 7202, "c_max": 8821, "n_subproblems": 1619, "solution": "Solution was already CF with cost 0.", "solved": true, "Final_UB": 0, "Final_LB": 0, "total_iterations": 0, "final_solution_weights": [135.0, 848.0, 764.0, 256.0, 496.0, 450.0, 652.0, 789.0, 94.0, 29.0, 836.0, 433.0, 763.0, 3.0, 446.0, 722.0, 229.0, 946.0, 902.0, 31.0, 26.0, 542.0, 940.0, 382.0, 217.0, 423.0, 30.0, 222.0, 438.0, 496.0], "final_solution_delta": [0.0, 0.0, 0.0, 0.0, 0.0, 0.0, 0.0, 0.0, 0.0, 0.0, 0.0, 0.0, 0.0, 0.0, 0.0, 0.0, 0.0, 0.0, 0.0, 0.0, 0.0, 0.0, 0.0, 0.0, 0.0, 0.0, 0.0, 0.0, 0.0, 0.0], "final_solution_capacity": 7075, "incumbents": {}, "lbs": {}, "cuts": [], "total_time_for_LBs": 0, "time_per_iteration_in_s": {}}, "total_runtime_in_s": 4.606186866760254, "instance": {"weights": [135.0, 848.0, 764.0, 256.0, 496.0, 450.0, 652.0, 789.0, 94.0, 29.0, 836.0, 433.0, 763.0, 3.0, 446.0, 722.0, 229.0, 946.0, 902.0, 31.0, 26.0, 542.0, 940.0, 382.0, 217.0, 423.0, 30.0, 222.0, 438.0, 496.0], "costs": [235.0, 948.0, 864.0, 356.0, 596.0, 550.0, 752.0, 889.0, 194.0, 129.0, 936.0, 533.0, 863.0, 103.0, 546.0, 822.0, 329.0, 1046.0, 1002.0, 131.0, 126.0, 642.0, 1040.0, 482.0, 317.0, 523.0, 130.0, 322.0, 538.0, 596.0], "capacity": 7075}}