{"input": {"instance_type": "uncorrelated", "instance_size": "20", "favoured_solution_space_types": "c", "mutable_parameter_space_size": "0.05", "instance_index": 1}, "Is strong?": false, "parameters": {"epsilon": 0.01, "strong": false, "seed": 0}, "enforced_elements": [], "disallowed_elements": [], "constrained_set": [{"variables": [12, 13], "rhs": 1}], "result": {"original_runtime": 0.00044798851013183594, "c_min": 1660, "c_max": 2735, "n_subproblems": 1075, "solution": "Solution was already CF with cost 0.", "solved": true, "Final_UB": 0, "Final_LB": 0, "total_iterations": 0, "final_solution_weights": [304.0, 588.0, 883.0, 847.0, 506.0, 590.0, 35.0, 243.0, 798.0, 415.0, 174.0, 549.0, 704.0, 675.0, 375.0, 439.0, 509.0, 779.0, 521.0, 394.0], "final_solution_delta": [0.0, 0.0, 0.0, 0.0, 0.0, 0.0, 0.0, 0.0, 0.0, 0.0, 0.0, 0.0, 0.0, 0.0, 0.0, 0.0, 0.0, 0.0, 0.0, 0.0], "final_solution_capacity": 5439, "incumbents": {}, "lbs": {}, "cuts": [], "total_time_for_LBs": 0, "time_per_iteration_in_s": {}}, "total_runtime_in_s": 1.5490913391113281, "instance": {"weights": [304.0, 588.0, 883.0, 847.0, 506.0, 590.0, 35.0, 243.0, 798.0, 415.0, 174.0, 549.0, 704.0, 675.0, 375.0, 439.0, 509.0, 779.0, 521.0, 394.0], "costs": [135.0, 848.0, 764.0, 256.0, 496.0, 450.0, 652.0, 789.0, 94.0, 29.0, 836.0, 433.0, 763.0, 3.0, 446.0, 722.0, 229.0, 946.0, 902.0, 31.0], "capacity": 5439}}