{"input": {"instance_type": "strongly_correlated", "instance_size": "20", "favoured_solution_space_types": "n", "mutable_parameter_space_size": "0.05", "instance_index": 2}, "Is strong?": false, "parameters": {"epsilon": 0.01, "strong": false, "seed": 0}, "enforced_elements": [], "disallowed_elements": [17], "constrained_set": [], "result": {"original_runtime": 0.0004639625549316406, "c_min": 5512, "c_max": 6704, "n_subproblems": 1192, "solution": "Solution was already CF with cost 0.", "solved": true, "Final_UB": 0, "Final_LB": 0, "total_iterations": 0, "final_solution_weights": [957.0, 948.0, 57.0, 85.0, 836.0, 736.0, 670.0, 309.0, 606.0, 607.0, 582.0, 159.0, 431.0, 394.0, 724.0, 995.0, 950.0, 545.0, 445.0, 269.0], "final_solution_delta": [0.0, 0.0, 0.0, 0.0, 0.0, 0.0, 0.0, 0.0, 0.0, 0.0, 0.0, 0.0, 0.0, 0.0, 0.0, 0.0, 0.0, 0.0, 0.0, 0.0], "final_solution_capacity": 5428, "incumbents": {}, "lbs": {}, "cuts": [], "total_time_for_LBs": 0, "time_per_iteration_in_s": {}}, "total_runtime_in_s": 0.0295560359954834, "instance": {"weights": [957.0, 948.0, 57.0, 85.0, 836.0, 736.0, 670.0, 309.0, 606.0, 607.0, 582.0, 159.0, 431.0, 394.0, 724.0, 995.0, 950.0, 545.0, 445.0, 269.0], "costs": [1057.0, 1048.0, 157.0, 185.0, 936.0, 836.0, 770.0, 409.0, 706.0, 707.0, 682.0, 259.0, 531.0, 494.0, 824.0, 1095.0, 1050.0, 645.0, 545.0, 369.0], "capacity": 5428}}