{"input": {"instance_type": "strongly_correlated", "instance_size": "30", "favoured_solution_space_types": "c", "mutable_parameter_space_size": "0.05", "instance_index": 2}, "Is strong?": true, "parameters": {"epsilon": 0.01, "strong": true, "seed": 0}, "enforced_elements": [], "disallowed_elements": [], "constrained_set": [{"variables": [27, 12, 24], "rhs": 1}], "result": {"original_runtime": 0.0007998943328857422, "c_min": 8267, "c_max": 10200, "n_subproblems": 1933, "solution": "Solution was already CF with cost 0.", "solved": true, "Final_UB": 0, "Final_LB": 0, "total_iterations": 0, "final_solution_weights": [957.0, 948.0, 57.0, 85.0, 836.0, 736.0, 670.0, 309.0, 606.0, 607.0, 582.0, 159.0, 431.0, 394.0, 724.0, 995.0, 950.0, 545.0, 445.0, 269.0, 36.0, 28.0, 465.0, 319.0, 381.0, 892.0, 526.0, 561.0, 237.0, 24.0], "final_solution_delta": [0.0, 0.0, 0.0, 0.0, 0.0, 0.0, 0.0, 0.0, 0.0, 0.0, 0.0, 0.0, 0.0, 0.0, 0.0, 0.0, 0.0, 0.0, 0.0, 0.0, 0.0, 0.0, 0.0, 0.0, 0.0, 0.0, 0.0, 0.0, 0.0, 0.0], "final_solution_capacity": 8142, "incumbents": {}, "lbs": {}, "cuts": [], "total_time_for_LBs": 0, "time_per_iteration_in_s": {}}, "total_runtime_in_s": 1.5870773792266846, "instance": {"weights": [957.0, 948.0, 57.0, 85.0, 836.0, 736.0, 670.0, 309.0, 606.0, 607.0, 582.0, 159.0, 431.0, 394.0, 724.0, 995.0, 950.0, 545.0, 445.0, 269.0, 36.0, 28.0, 465.0, 319.0, 381.0, 892.0, 526.0, 561.0, 237.0, 24.0], "costs": [1057.0, 1048.0, 157.0, 185.0, 936.0, 836.0, 770.0, 409.0, 706.0, 707.0, 682.0, 259.0, 531.0, 494.0, 824.0, 1095.0, 1050.0, 645.0, 545.0, 369.0, 136.0, 128.0, 565.0, 419.0, 481.0, 992.0, 626.0, 661.0, 337.0, 124.0], "capacity": 8142}}