{"input": {"instance_type": "uncorrelated", "instance_size": "30", "favoured_solution_space_types": "c", "mutable_parameter_space_size": "0.05", "instance_index": 2}, "Is strong?": false, "parameters": {"epsilon": 0.01, "strong": false, "seed": 0}, "enforced_elements": [], "disallowed_elements": [], "constrained_set": [{"variables": [27, 12, 24], "rhs": 1}], "result": {"original_runtime": 0.0009911060333251953, "c_min": 2236, "c_max": 3357, "n_subproblems": 1121, "solution": "Solution was already CF with cost 0.", "solved": true, "Final_UB": 0, "Final_LB": 0, "total_iterations": 0, "final_solution_weights": [491.0, 925.0, 501.0, 832.0, 354.0, 883.0, 900.0, 462.0, 568.0, 921.0, 724.0, 487.0, 222.0, 325.0, 700.0, 167.0, 908.0, 269.0, 912.0, 310.0, 958.0, 707.0, 505.0, 518.0, 652.0, 588.0, 312.0, 208.0, 512.0, 935.0], "final_solution_delta": [0.0, 0.0, 0.0, 0.0, 0.0, 0.0, 0.0, 0.0, 0.0, 0.0, 0.0, 0.0, 0.0, 0.0, 0.0, 0.0, 0.0, 0.0, 0.0, 0.0, 0.0, 0.0, 0.0, 0.0, 0.0, 0.0, 0.0, 0.0, 0.0, 0.0], "final_solution_capacity": 8286, "incumbents": {}, "lbs": {}, "cuts": [], "total_time_for_LBs": 0, "time_per_iteration_in_s": {}}, "total_runtime_in_s": 0.03374218940734863, "instance": {"weights": [491.0, 925.0, 501.0, 832.0, 354.0, 883.0, 900.0, 462.0, 568.0, 921.0, 724.0, 487.0, 222.0, 325.0, 700.0, 167.0, 908.0, 269.0, 912.0, 310.0, 958.0, 707.0, 505.0, 518.0, 652.0, 588.0, 312.0, 208.0, 512.0, 935.0], "costs": [957.0, 948.0, 57.0, 85.0, 836.0, 736.0, 670.0, 309.0, 606.0, 607.0, 582.0, 159.0, 431.0, 394.0, 724.0, 995.0, 950.0, 545.0, 445.0, 269.0, 36.0, 28.0, 465.0, 319.0, 381.0, 892.0, 526.0, 561.0, 237.0, 24.0], "capacity": 8286}}