{"input": {"instance_type": "uncorrelated", "instance_size": "20", "favoured_solution_space_types": "c", "mutable_parameter_space_size": "0.05", "instance_index": 2}, "Is strong?": true, "parameters": {"epsilon": 0.01, "strong": true, "seed": 0}, "enforced_elements": [], "disallowed_elements": [], "constrained_set": [{"variables": [12, 13], "rhs": 1}], "result": {"original_runtime": 0.0005898475646972656, "c_min": 2332, "c_max": 3337, "n_subproblems": 1005, "solution": "Solution was already CF with cost 0.", "solved": true, "Final_UB": 0, "Final_LB": 0, "total_iterations": 0, "final_solution_weights": [491.0, 925.0, 501.0, 832.0, 354.0, 883.0, 900.0, 462.0, 568.0, 921.0, 724.0, 487.0, 222.0, 325.0, 700.0, 167.0, 908.0, 269.0, 912.0, 310.0], "final_solution_delta": [0.0, 0.0, 0.0, 0.0, 0.0, 0.0, 0.0, 0.0, 0.0, 0.0, 0.0, 0.0, 0.0, 0.0, 0.0, 0.0, 0.0, 0.0, 0.0, 0.0], "final_solution_capacity": 5524, "incumbents": {}, "lbs": {}, "cuts": [], "total_time_for_LBs": 0, "time_per_iteration_in_s": {}}, "total_runtime_in_s": 0.0317387580871582, "instance": {"weights": [491.0, 925.0, 501.0, 832.0, 354.0, 883.0, 900.0, 462.0, 568.0, 921.0, 724.0, 487.0, 222.0, 325.0, 700.0, 167.0, 908.0, 269.0, 912.0, 310.0], "costs": [957.0, 948.0, 57.0, 85.0, 836.0, 736.0, 670.0, 309.0, 606.0, 607.0, 582.0, 159.0, 431.0, 394.0, 724.0, 995.0, 950.0, 545.0, 445.0, 269.0], "capacity": 5524}}