{"input": {"instance_type": "strongly_correlated", "instance_size": "30", "favoured_solution_space_types": "c", "mutable_parameter_space_size": "0.05", "instance_index": 3}, "Is strong?": true, "parameters": {"epsilon": 0.01, "strong": true, "seed": 0}, "enforced_elements": [], "disallowed_elements": [], "constrained_set": [{"variables": [27, 12, 24], "rhs": 1}], "result": {"original_runtime": 0.0006668567657470703, "c_min": 8073, "c_max": 9866, "n_subproblems": 1793, "solution": "Solution was already CF with cost 0.", "solved": true, "Final_UB": 0, "Final_LB": 0, "total_iterations": 0, "final_solution_weights": [238.0, 545.0, 370.0, 604.0, 626.0, 66.0, 14.0, 838.0, 260.0, 235.0, 996.0, 471.0, 837.0, 477.0, 640.0, 151.0, 635.0, 869.0, 524.0, 742.0, 672.0, 65.0, 759.0, 592.0, 302.0, 32.0, 866.0, 473.0, 719.0, 879.0], "final_solution_delta": [0.0, 0.0, 0.0, 0.0, 0.0, 0.0, 0.0, 0.0, 0.0, 0.0, 0.0, 0.0, 0.0, 0.0, 0.0, 0.0, 0.0, 0.0, 0.0, 0.0, 0.0, 0.0, 0.0, 0.0, 0.0, 0.0, 0.0, 0.0, 0.0, 0.0], "final_solution_capacity": 7928, "incumbents": {}, "lbs": {}, "cuts": [], "total_time_for_LBs": 0, "time_per_iteration_in_s": {}}, "total_runtime_in_s": 0.06620168685913086, "instance": {"weights": [238.0, 545.0, 370.0, 604.0, 626.0, 66.0, 14.0, 838.0, 260.0, 235.0, 996.0, 471.0, 837.0, 477.0, 640.0, 151.0, 635.0, 869.0, 524.0, 742.0, 672.0, 65.0, 759.0, 592.0, 302.0, 32.0, 866.0, 473.0, 719.0, 879.0], "costs": [338.0, 645.0, 470.0, 704.0, 726.0, 166.0, 114.0, 938.0, 360.0, 335.0, 1096.0, 571.0, 937.0, 577.0, 740.0, 251.0, 735.0, 969.0, 624.0, 842.0, 772.0, 165.0, 859.0, 692.0, 402.0, 132.0, 966.0, 573.0, 819.0, 979.0], "capacity": 7928}}