{"input": {"instance_type": "uncorrelated", "instance_size": "20", "favoured_solution_space_types": "c", "mutable_parameter_space_size": "0.05", "instance_index": 3}, "Is strong?": false, "parameters": {"epsilon": 0.01, "strong": false, "seed": 0}, "enforced_elements": [], "disallowed_elements": [], "constrained_set": [{"variables": [12, 13], "rhs": 1}], "result": {"original_runtime": 0.0005390644073486328, "c_min": 1728, "c_max": 2483, "n_subproblems": 755, "solution": "Solution was already CF with cost 0.", "solved": true, "Final_UB": 0, "Final_LB": 0, "total_iterations": 0, "final_solution_weights": [682.0, 929.0, 857.0, 991.0, 672.0, 164.0, 861.0, 965.0, 905.0, 570.0, 714.0, 212.0, 832.0, 574.0, 285.0, 64.0, 854.0, 990.0, 89.0, 801.0], "final_solution_delta": [0.0, 0.0, 0.0, 0.0, 0.0, 0.0, 0.0, 0.0, 0.0, 0.0, 0.0, 0.0, 0.0, 0.0, 0.0, 0.0, 0.0, 0.0, 0.0, 0.0], "final_solution_capacity": 5438, "incumbents": {}, "lbs": {}, "cuts": [], "total_time_for_LBs": 0, "time_per_iteration_in_s": {}}, "total_runtime_in_s": 0.054355621337890625, "instance": {"weights": [682.0, 929.0, 857.0, 991.0, 672.0, 164.0, 861.0, 965.0, 905.0, 570.0, 714.0, 212.0, 832.0, 574.0, 285.0, 64.0, 854.0, 990.0, 89.0, 801.0], "costs": [238.0, 545.0, 370.0, 604.0, 626.0, 66.0, 14.0, 838.0, 260.0, 235.0, 996.0, 471.0, 837.0, 477.0, 640.0, 151.0, 635.0, 869.0, 524.0, 742.0], "capacity": 5438}}