{"input": {"instance_type": "strongly_correlated", "instance_size": "40", "favoured_solution_space_types": "n", "mutable_parameter_space_size": "0.05", "instance_index": 4}, "Is strong?": false, "parameters": {"epsilon": 0.01, "strong": false, "seed": 0}, "enforced_elements": [], "disallowed_elements": [29, 39], "constrained_set": [], "result": {"original_runtime": 0.036618947982788086, "c_min": 9976, "c_max": 12143, "n_subproblems": 2167, "solution": "Solution was already CF with cost 0.", "solved": true, "Final_UB": 0, "Final_LB": 0, "total_iterations": 0, "final_solution_weights": [237.0, 104.0, 397.0, 155.0, 67.0, 402.0, 918.0, 801.0, 766.0, 222.0, 537.0, 277.0, 173.0, 107.0, 215.0, 928.0, 829.0, 807.0, 801.0, 194.0, 310.0, 627.0, 732.0, 855.0, 881.0, 87.0, 606.0, 672.0, 506.0, 178.0, 474.0, 90.0, 935.0, 866.0, 548.0, 301.0, 909.0, 573.0, 883.0, 849.0], "final_solution_delta": [0.0, 0.0, 0.0, 0.0, 0.0, 0.0, 0.0, 0.0, 0.0, 0.0, 0.0, 0.0, 0.0, 0.0, 0.0, 0.0, 0.0, 0.0, 0.0, 0.0, 0.0, 0.0, 0.0, 0.0, 0.0, 0.0, 0.0, 0.0, 0.0, 0.0, 0.0, 0.0, 0.0, 0.0, 0.0, 0.0, 0.0, 0.0, 0.0, 0.0], "final_solution_capacity": 9810, "incumbents": {}, "lbs": {}, "cuts": [], "total_time_for_LBs": 0, "time_per_iteration_in_s": {}}, "total_runtime_in_s": 0.1618344783782959, "instance": {"weights": [237.0, 104.0, 397.0, 155.0, 67.0, 402.0, 918.0, 801.0, 766.0, 222.0, 537.0, 277.0, 173.0, 107.0, 215.0, 928.0, 829.0, 807.0, 801.0, 194.0, 310.0, 627.0, 732.0, 855.0, 881.0, 87.0, 606.0, 672.0, 506.0, 178.0, 474.0, 90.0, 935.0, 866.0, 548.0, 301.0, 909.0, 573.0, 883.0, 849.0], "costs": [337.0, 204.0, 497.0, 255.0, 167.0, 502.0, 1018.0, 901.0, 866.0, 322.0, 637.0, 377.0, 273.0, 207.0, 315.0, 1028.0, 929.0, 907.0, 901.0, 294.0, 410.0, 727.0, 832.0, 955.0, 981.0, 187.0, 706.0, 772.0, 606.0, 278.0, 574.0, 190.0, 1035.0, 966.0, 648.0, 401.0, 1009.0, 673.0, 983.0, 949.0], "capacity": 9810}}