{"input": {"instance_type": "uncorrelated", "instance_size": "15", "favoured_solution_space_types": "p", "mutable_parameter_space_size": "0.05", "instance_index": 4}, "Is strong?": true, "parameters": {"epsilon": 0.01, "strong": true, "seed": 0}, "enforced_elements": [8], "disallowed_elements": [], "constrained_set": [], "result": {"original_runtime": 0.00026297569274902344, "c_min": 1259, "c_max": 1414, "n_subproblems": 155, "solved": "infeasible", "Final_UB": 1e+100, "Final_LB": 1e+100, "total_iterations": 1, "lbs": {"1259": 1e+100}, "cuts": [[4, 9, 11, 13, 14], [0, 4, 11, 13, 14], [0, 2, 4, 9, 13, 14], [0, 1, 3, 4, 9, 11, 12], [1, 3, 4, 11, 12, 13], [1, 2, 3, 4, 9, 12, 13], [1, 2, 4, 9, 12, 14], [1, 4, 11, 12, 14], [0, 1, 2, 4, 12, 14], [1, 4, 5, 12, 13, 14], [0, 1, 2, 3, 4, 12, 13], [0, 4, 9, 11, 12, 14], [2, 4, 9, 12, 13, 14], [0, 3, 4, 9, 11, 12, 13], [4, 11, 12, 13, 14], [0, 2, 4, 12, 13, 14], [1, 3, 4, 11, 14], [1, 3, 4, 5, 13, 14], [0, 1, 2, 3, 4, 14], [1, 3, 4, 10, 11, 13], [1, 4, 10, 11, 14], [0, 3, 4, 9, 11, 14], [3, 4, 11, 13, 14], [2, 3, 4, 9, 13, 14], [0, 2, 3, 4, 13, 14], [0, 1, 4, 9, 13, 14], [4, 10, 11, 13, 14], [1, 2, 3, 4, 12, 14], [3, 4, 9, 11, 12, 14], [0, 3, 4, 11, 12, 14], [2, 3, 4, 12, 13, 14], [1, 4, 9, 12, 13, 14], [0, 1, 4, 12, 13, 14], [1, 2, 3, 11, 13, 14], [0, 1, 3, 4, 13, 14], [1, 3, 4, 9, 13, 14], [1, 4, 9, 10, 13, 14], [1, 2, 4, 9, 11, 13], [1, 3, 4, 12, 13, 14], [0, 1, 2, 4, 11, 13], [0, 1, 3, 4, 9, 12, 14], [0, 3, 4, 9, 12, 13, 14]], "total_time_for_LBs": -0.0014674663543701172, "time_per_iteration_in_s": {"1259": 64.98191237449646}}, "total_runtime_in_s": 67.04450607299805, "instance": {"weights": [281.0, 535.0, 472.0, 343.0, 998.0, 196.0, 413.0, 203.0, 633.0, 277.0, 356.0, 747.0, 321.0, 559.0, 905.0], "costs": [237.0, 104.0, 397.0, 155.0, 67.0, 402.0, 918.0, 801.0, 766.0, 222.0, 537.0, 277.0, 173.0, 107.0, 215.0], "capacity": 3485}}