{"input": {"instance_type": "uncorrelated", "instance_size": "20", "favoured_solution_space_types": "c", "mutable_parameter_space_size": "0.05", "instance_index": 4}, "Is strong?": false, "parameters": {"epsilon": 0.01, "strong": false, "seed": 0}, "enforced_elements": [], "disallowed_elements": [], "constrained_set": [{"variables": [12, 13], "rhs": 1}], "result": {"original_runtime": 0.0003581047058105469, "c_min": 964, "c_max": 1514, "n_subproblems": 550, "solution": "Solution was already CF with cost 0.", "solved": true, "Final_UB": 0, "Final_LB": 0, "total_iterations": 0, "final_solution_weights": [281.0, 535.0, 472.0, 343.0, 998.0, 196.0, 413.0, 203.0, 633.0, 277.0, 356.0, 747.0, 321.0, 559.0, 905.0, 101.0, 62.0, 229.0, 766.0, 616.0], "final_solution_delta": [0.0, 0.0, 0.0, 0.0, 0.0, 0.0, 0.0, 0.0, 0.0, 0.0, 0.0, 0.0, 0.0, 0.0, 0.0, 0.0, 0.0, 0.0, 0.0, 0.0], "final_solution_capacity": 4647, "incumbents": {}, "lbs": {}, "cuts": [], "total_time_for_LBs": 0, "time_per_iteration_in_s": {}}, "total_runtime_in_s": 0.020863771438598633, "instance": {"weights": [281.0, 535.0, 472.0, 343.0, 998.0, 196.0, 413.0, 203.0, 633.0, 277.0, 356.0, 747.0, 321.0, 559.0, 905.0, 101.0, 62.0, 229.0, 766.0, 616.0], "costs": [237.0, 104.0, 397.0, 155.0, 67.0, 402.0, 918.0, 801.0, 766.0, 222.0, 537.0, 277.0, 173.0, 107.0, 215.0, 928.0, 829.0, 807.0, 801.0, 194.0], "capacity": 4647}}