{"input": {"instance_type": "uncorrelated", "instance_size": "30", "favoured_solution_space_types": "c", "mutable_parameter_space_size": "0.05", "instance_index": 4}, "Is strong?": false, "parameters": {"epsilon": 0.01, "strong": false, "seed": 0}, "enforced_elements": [], "disallowed_elements": [], "constrained_set": [{"variables": [27, 12, 24], "rhs": 1}], "result": {"original_runtime": 0.0007090568542480469, "c_min": 1384, "c_max": 2385, "n_subproblems": 1001, "solution": "Solution was already CF with cost 0.", "solved": true, "Final_UB": 0, "Final_LB": 0, "total_iterations": 0, "final_solution_weights": [281.0, 535.0, 472.0, 343.0, 998.0, 196.0, 413.0, 203.0, 633.0, 277.0, 356.0, 747.0, 321.0, 559.0, 905.0, 101.0, 62.0, 229.0, 766.0, 616.0, 238.0, 332.0, 178.0, 460.0, 43.0, 698.0, 896.0, 955.0, 735.0, 960.0], "final_solution_delta": [0.0, 0.0, 0.0, 0.0, 0.0, 0.0, 0.0, 0.0, 0.0, 0.0, 0.0, 0.0, 0.0, 0.0, 0.0, 0.0, 0.0, 0.0, 0.0, 0.0, 0.0, 0.0, 0.0, 0.0, 0.0, 0.0, 0.0, 0.0, 0.0, 0.0], "final_solution_capacity": 6970, "incumbents": {}, "lbs": {}, "cuts": [], "total_time_for_LBs": 0, "time_per_iteration_in_s": {}}, "total_runtime_in_s": 1.5412201881408691, "instance": {"weights": [281.0, 535.0, 472.0, 343.0, 998.0, 196.0, 413.0, 203.0, 633.0, 277.0, 356.0, 747.0, 321.0, 559.0, 905.0, 101.0, 62.0, 229.0, 766.0, 616.0, 238.0, 332.0, 178.0, 460.0, 43.0, 698.0, 896.0, 955.0, 735.0, 960.0], "costs": [237.0, 104.0, 397.0, 155.0, 67.0, 402.0, 918.0, 801.0, 766.0, 222.0, 537.0, 277.0, 173.0, 107.0, 215.0, 928.0, 829.0, 807.0, 801.0, 194.0, 310.0, 627.0, 732.0, 855.0, 881.0, 87.0, 606.0, 672.0, 506.0, 178.0], "capacity": 6970}}