{"input": {"instance_type": "strongly_correlated", "instance_size": "20", "favoured_solution_space_types": "c", "mutable_parameter_space_size": "0.05", "instance_index": 5}, "Is strong?": false, "parameters": {"epsilon": 0.01, "strong": false, "seed": 0}, "enforced_elements": [], "disallowed_elements": [], "constrained_set": [{"variables": [12, 13], "rhs": 1}], "result": {"original_runtime": 0.0004730224609375, "c_min": 5128, "c_max": 6323, "n_subproblems": 1195, "solution": "Solution was already CF with cost 0.", "solved": true, "Final_UB": 0, "Final_LB": 0, "total_iterations": 0, "final_solution_weights": [623.0, 742.0, 796.0, 943.0, 740.0, 923.0, 30.0, 466.0, 944.0, 649.0, 901.0, 114.0, 470.0, 247.0, 544.0, 574.0, 14.0, 217.0, 280.0, 917.0], "final_solution_delta": [0.0, 0.0, 0.0, 0.0, 0.0, 0.0, 0.0, 0.0, 0.0, 0.0, 0.0, 0.0, 0.0, 0.0, 0.0, 0.0, 0.0, 0.0, 0.0, 0.0], "final_solution_capacity": 5087, "incumbents": {}, "lbs": {}, "cuts": [], "total_time_for_LBs": 0, "time_per_iteration_in_s": {}}, "total_runtime_in_s": 0.07162308692932129, "instance": {"weights": [623.0, 742.0, 796.0, 943.0, 740.0, 923.0, 30.0, 466.0, 944.0, 649.0, 901.0, 114.0, 470.0, 247.0, 544.0, 574.0, 14.0, 217.0, 280.0, 917.0], "costs": [723.0, 842.0, 896.0, 1043.0, 840.0, 1023.0, 130.0, 566.0, 1044.0, 749.0, 1001.0, 214.0, 570.0, 347.0, 644.0, 674.0, 114.0, 317.0, 380.0, 1017.0], "capacity": 5087}}