{"input": {"instance_type": "strongly_correlated", "instance_size": "30", "favoured_solution_space_types": "c", "mutable_parameter_space_size": "0.05", "instance_index": 5}, "Is strong?": false, "parameters": {"epsilon": 0.01, "strong": false, "seed": 0}, "enforced_elements": [], "disallowed_elements": [], "constrained_set": [{"variables": [27, 12, 24], "rhs": 1}], "result": {"original_runtime": 0.0006940364837646484, "c_min": 7705, "c_max": 9441, "n_subproblems": 1736, "solution": "Solution was already CF with cost 0.", "solved": true, "Final_UB": 0, "Final_LB": 0, "total_iterations": 0, "final_solution_weights": [623.0, 742.0, 796.0, 943.0, 740.0, 923.0, 30.0, 466.0, 944.0, 649.0, 901.0, 114.0, 470.0, 247.0, 544.0, 574.0, 14.0, 217.0, 280.0, 917.0, 766.0, 160.0, 798.0, 139.0, 618.0, 127.0, 2.0, 872.0, 210.0, 216.0], "final_solution_delta": [0.0, 0.0, 0.0, 0.0, 0.0, 0.0, 0.0, 0.0, 0.0, 0.0, 0.0, 0.0, 0.0, 0.0, 0.0, 0.0, 0.0, 0.0, 0.0, 0.0, 0.0, 0.0, 0.0, 0.0, 0.0, 0.0, 0.0, 0.0, 0.0, 0.0], "final_solution_capacity": 7631, "incumbents": {}, "lbs": {}, "cuts": [], "total_time_for_LBs": 0, "time_per_iteration_in_s": {}}, "total_runtime_in_s": 0.04967927932739258, "instance": {"weights": [623.0, 742.0, 796.0, 943.0, 740.0, 923.0, 30.0, 466.0, 944.0, 649.0, 901.0, 114.0, 470.0, 247.0, 544.0, 574.0, 14.0, 217.0, 280.0, 917.0, 766.0, 160.0, 798.0, 139.0, 618.0, 127.0, 2.0, 872.0, 210.0, 216.0], "costs": [723.0, 842.0, 896.0, 1043.0, 840.0, 1023.0, 130.0, 566.0, 1044.0, 749.0, 1001.0, 214.0, 570.0, 347.0, 644.0, 674.0, 114.0, 317.0, 380.0, 1017.0, 866.0, 260.0, 898.0, 239.0, 718.0, 227.0, 102.0, 972.0, 310.0, 316.0], "capacity": 7631}}