{"input": {"instance_type": "strongly_correlated", "instance_size": "40", "favoured_solution_space_types": "c", "mutable_parameter_space_size": "0.05", "instance_index": 5}, "Is strong?": false, "parameters": {"epsilon": 0.01, "strong": false, "seed": 0}, "enforced_elements": [], "disallowed_elements": [], "constrained_set": [{"variables": [24, 26, 2, 16], "rhs": 1}], "result": {"original_runtime": 0.06716704368591309, "c_min": 10206, "c_max": 12548, "n_subproblems": 2342, "solution": "Solution was already CF with cost 0.", "solved": true, "Final_UB": 0, "Final_LB": 0, "total_iterations": 0, "final_solution_weights": [623.0, 742.0, 796.0, 943.0, 740.0, 923.0, 30.0, 466.0, 944.0, 649.0, 901.0, 114.0, 470.0, 247.0, 544.0, 574.0, 14.0, 217.0, 280.0, 917.0, 766.0, 160.0, 798.0, 139.0, 618.0, 127.0, 2.0, 872.0, 210.0, 216.0, 983.0, 873.0, 290.0, 962.0, 540.0, 678.0, 205.0, 941.0, 691.0, 967.0], "final_solution_delta": [0.0, 0.0, 0.0, 0.0, 0.0, 0.0, 0.0, 0.0, 0.0, 0.0, 0.0, 0.0, 0.0, 0.0, 0.0, 0.0, 0.0, 0.0, 0.0, 0.0, 0.0, 0.0, 0.0, 0.0, 0.0, 0.0, 0.0, 0.0, 0.0, 0.0, 0.0, 0.0, 0.0, 0.0, 0.0, 0.0, 0.0, 0.0, 0.0, 0.0], "final_solution_capacity": 10175, "incumbents": {}, "lbs": {}, "cuts": [], "total_time_for_LBs": 0, "time_per_iteration_in_s": {}}, "total_runtime_in_s": 2.2283082008361816, "instance": {"weights": [623.0, 742.0, 796.0, 943.0, 740.0, 923.0, 30.0, 466.0, 944.0, 649.0, 901.0, 114.0, 470.0, 247.0, 544.0, 574.0, 14.0, 217.0, 280.0, 917.0, 766.0, 160.0, 798.0, 139.0, 618.0, 127.0, 2.0, 872.0, 210.0, 216.0, 983.0, 873.0, 290.0, 962.0, 540.0, 678.0, 205.0, 941.0, 691.0, 967.0], "costs": [723.0, 842.0, 896.0, 1043.0, 840.0, 1023.0, 130.0, 566.0, 1044.0, 749.0, 1001.0, 214.0, 570.0, 347.0, 644.0, 674.0, 114.0, 317.0, 380.0, 1017.0, 866.0, 260.0, 898.0, 239.0, 718.0, 227.0, 102.0, 972.0, 310.0, 316.0, 1083.0, 973.0, 390.0, 1062.0, 640.0, 778.0, 305.0, 1041.0, 791.0, 1067.0], "capacity": 10175}}