{"input": {"instance_type": "uncorrelated", "instance_size": "30", "favoured_solution_space_types": "c", "mutable_parameter_space_size": "0.05", "instance_index": 5}, "Is strong?": false, "parameters": {"epsilon": 0.01, "strong": false, "seed": 0}, "enforced_elements": [], "disallowed_elements": [], "constrained_set": [{"variables": [27, 12, 24], "rhs": 1}], "result": {"original_runtime": 0.0007710456848144531, "c_min": 1831, "c_max": 3203, "n_subproblems": 1372, "solution": "Solution was already CF with cost 0.", "solved": true, "Final_UB": 0, "Final_LB": 0, "total_iterations": 0, "final_solution_weights": [338.0, 310.0, 819.0, 481.0, 316.0, 482.0, 705.0, 58.0, 976.0, 23.0, 750.0, 845.0, 19.0, 788.0, 367.0, 579.0, 10.0, 47.0, 181.0, 956.0, 197.0, 756.0, 930.0, 943.0, 345.0, 355.0, 525.0, 776.0, 109.0, 749.0], "final_solution_delta": [0.0, 0.0, 0.0, 0.0, 0.0, 0.0, 0.0, 0.0, 0.0, 0.0, 0.0, 0.0, 0.0, 0.0, 0.0, 0.0, 0.0, 0.0, 0.0, 0.0, 0.0, 0.0, 0.0, 0.0, 0.0, 0.0, 0.0, 0.0, 0.0, 0.0], "final_solution_capacity": 7153, "incumbents": {}, "lbs": {}, "cuts": [], "total_time_for_LBs": 0, "time_per_iteration_in_s": {}}, "total_runtime_in_s": 0.045128822326660156, "instance": {"weights": [338.0, 310.0, 819.0, 481.0, 316.0, 482.0, 705.0, 58.0, 976.0, 23.0, 750.0, 845.0, 19.0, 788.0, 367.0, 579.0, 10.0, 47.0, 181.0, 956.0, 197.0, 756.0, 930.0, 943.0, 345.0, 355.0, 525.0, 776.0, 109.0, 749.0], "costs": [623.0, 742.0, 796.0, 943.0, 740.0, 923.0, 30.0, 466.0, 944.0, 649.0, 901.0, 114.0, 470.0, 247.0, 544.0, 574.0, 14.0, 217.0, 280.0, 917.0, 766.0, 160.0, 798.0, 139.0, 618.0, 127.0, 2.0, 872.0, 210.0, 216.0], "capacity": 7153}}