{"input": {"instance_type": "uncorrelated", "instance_size": "20", "favoured_solution_space_types": "c", "mutable_parameter_space_size": "0.05", "instance_index": 5}, "Is strong?": true, "parameters": {"epsilon": 0.01, "strong": true, "seed": 0}, "enforced_elements": [], "disallowed_elements": [], "constrained_set": [{"variables": [12, 13], "rhs": 1}], "result": {"original_runtime": 0.0004048347473144531, "c_min": 2411, "c_max": 3328, "n_subproblems": 917, "solution": "Solution was already CF with cost 0.", "solved": true, "Final_UB": 0, "Final_LB": 0, "total_iterations": 0, "final_solution_weights": [338.0, 310.0, 819.0, 481.0, 316.0, 482.0, 705.0, 58.0, 976.0, 23.0, 750.0, 845.0, 19.0, 788.0, 367.0, 579.0, 10.0, 47.0, 181.0, 956.0], "final_solution_delta": [0.0, 0.0, 0.0, 0.0, 0.0, 0.0, 0.0, 0.0, 0.0, 0.0, 0.0, 0.0, 0.0, 0.0, 0.0, 0.0, 0.0, 0.0, 0.0, 0.0], "final_solution_capacity": 4768, "incumbents": {}, "lbs": {}, "cuts": [], "total_time_for_LBs": 0, "time_per_iteration_in_s": {}}, "total_runtime_in_s": 0.021884679794311523, "instance": {"weights": [338.0, 310.0, 819.0, 481.0, 316.0, 482.0, 705.0, 58.0, 976.0, 23.0, 750.0, 845.0, 19.0, 788.0, 367.0, 579.0, 10.0, 47.0, 181.0, 956.0], "costs": [623.0, 742.0, 796.0, 943.0, 740.0, 923.0, 30.0, 466.0, 944.0, 649.0, 901.0, 114.0, 470.0, 247.0, 544.0, 574.0, 14.0, 217.0, 280.0, 917.0], "capacity": 4768}}