{"input": {"instance_type": "strongly_correlated", "instance_size": "30", "favoured_solution_space_types": "c", "mutable_parameter_space_size": "0.05", "instance_index": 6}, "Is strong?": false, "parameters": {"epsilon": 0.01, "strong": false, "seed": 0}, "enforced_elements": [], "disallowed_elements": [], "constrained_set": [{"variables": [27, 12, 24], "rhs": 1}], "result": {"original_runtime": 0.022794008255004883, "c_min": 8139, "c_max": 10038, "n_subproblems": 1899, "solution": "Solution was already CF with cost 0.", "solved": true, "Final_UB": 0, "Final_LB": 0, "total_iterations": 0, "final_solution_weights": [794.0, 822.0, 486.0, 262.0, 1.0, 663.0, 471.0, 760.0, 374.0, 771.0, 273.0, 802.0, 730.0, 415.0, 539.0, 683.0, 193.0, 554.0, 806.0, 266.0, 804.0, 686.0, 845.0, 336.0, 94.0, 801.0, 805.0, 446.0, 94.0, 198.0], "final_solution_delta": [0.0, 0.0, 0.0, 0.0, 0.0, 0.0, 0.0, 0.0, 0.0, 0.0, 0.0, 0.0, 0.0, 0.0, 0.0, 0.0, 0.0, 0.0, 0.0, 0.0, 0.0, 0.0, 0.0, 0.0, 0.0, 0.0, 0.0, 0.0, 0.0, 0.0], "final_solution_capacity": 7996, "incumbents": {}, "lbs": {}, "cuts": [], "total_time_for_LBs": 0, "time_per_iteration_in_s": {}}, "total_runtime_in_s": 0.12576508522033691, "instance": {"weights": [794.0, 822.0, 486.0, 262.0, 1.0, 663.0, 471.0, 760.0, 374.0, 771.0, 273.0, 802.0, 730.0, 415.0, 539.0, 683.0, 193.0, 554.0, 806.0, 266.0, 804.0, 686.0, 845.0, 336.0, 94.0, 801.0, 805.0, 446.0, 94.0, 198.0], "costs": [894.0, 922.0, 586.0, 362.0, 101.0, 763.0, 571.0, 860.0, 474.0, 871.0, 373.0, 902.0, 830.0, 515.0, 639.0, 783.0, 293.0, 654.0, 906.0, 366.0, 904.0, 786.0, 945.0, 436.0, 194.0, 901.0, 905.0, 546.0, 194.0, 298.0], "capacity": 7996}}