{"input": {"instance_type": "uncorrelated", "instance_size": "30", "favoured_solution_space_types": "c", "mutable_parameter_space_size": "0.05", "instance_index": 6}, "Is strong?": true, "parameters": {"epsilon": 0.01, "strong": true, "seed": 0}, "enforced_elements": [], "disallowed_elements": [], "constrained_set": [{"variables": [27, 12, 24], "rhs": 1}], "result": {"original_runtime": 0.0006830692291259766, "c_min": 2400, "c_max": 3480, "n_subproblems": 1080, "solution": "Solution was already CF with cost 0.", "solved": true, "Final_UB": 0, "Final_LB": 0, "total_iterations": 0, "final_solution_weights": [881.0, 526.0, 117.0, 663.0, 313.0, 197.0, 484.0, 139.0, 210.0, 866.0, 699.0, 13.0, 779.0, 18.0, 333.0, 905.0, 621.0, 307.0, 378.0, 390.0, 127.0, 1000.0, 54.0, 423.0, 747.0, 398.0, 981.0, 246.0, 980.0, 893.0], "final_solution_delta": [0.0, 0.0, 0.0, 0.0, 0.0, 0.0, 0.0, 0.0, 0.0, 0.0, 0.0, 0.0, 0.0, 0.0, 0.0, 0.0, 0.0, 0.0, 0.0, 0.0, 0.0, 0.0, 0.0, 0.0, 0.0, 0.0, 0.0, 0.0, 0.0, 0.0], "final_solution_capacity": 7226, "incumbents": {}, "lbs": {}, "cuts": [], "total_time_for_LBs": 0, "time_per_iteration_in_s": {}}, "total_runtime_in_s": 1.5507512092590332, "instance": {"weights": [881.0, 526.0, 117.0, 663.0, 313.0, 197.0, 484.0, 139.0, 210.0, 866.0, 699.0, 13.0, 779.0, 18.0, 333.0, 905.0, 621.0, 307.0, 378.0, 390.0, 127.0, 1000.0, 54.0, 423.0, 747.0, 398.0, 981.0, 246.0, 980.0, 893.0], "costs": [794.0, 822.0, 486.0, 262.0, 1.0, 663.0, 471.0, 760.0, 374.0, 771.0, 273.0, 802.0, 730.0, 415.0, 539.0, 683.0, 193.0, 554.0, 806.0, 266.0, 804.0, 686.0, 845.0, 336.0, 94.0, 801.0, 805.0, 446.0, 94.0, 198.0], "capacity": 7226}}