{"input": {"instance_type": "strongly_correlated", "instance_size": "30", "favoured_solution_space_types": "c", "mutable_parameter_space_size": "0.05", "instance_index": 7}, "Is strong?": true, "parameters": {"epsilon": 0.01, "strong": true, "seed": 0}, "enforced_elements": [], "disallowed_elements": [], "constrained_set": [{"variables": [27, 12, 24], "rhs": 1}], "result": {"original_runtime": 0.0006990432739257812, "c_min": 6407, "c_max": 7947, "n_subproblems": 1540, "solution": "Solution was already CF with cost 0.", "solved": true, "Final_UB": 0, "Final_LB": 0, "total_iterations": 0, "final_solution_weights": [324.0, 151.0, 651.0, 73.0, 536.0, 366.0, 58.0, 508.0, 38.0, 434.0, 70.0, 91.0, 425.0, 827.0, 124.0, 224.0, 628.0, 948.0, 578.0, 397.0, 977.0, 47.0, 859.0, 290.0, 145.0, 118.0, 309.0, 817.0, 181.0, 582.0], "final_solution_delta": [0.0, 0.0, 0.0, 0.0, 0.0, 0.0, 0.0, 0.0, 0.0, 0.0, 0.0, 0.0, 0.0, 0.0, 0.0, 0.0, 0.0, 0.0, 0.0, 0.0, 0.0, 0.0, 0.0, 0.0, 0.0, 0.0, 0.0, 0.0, 0.0, 0.0], "final_solution_capacity": 6285, "incumbents": {}, "lbs": {}, "cuts": [], "total_time_for_LBs": 0, "time_per_iteration_in_s": {}}, "total_runtime_in_s": 1.545334815979004, "instance": {"weights": [324.0, 151.0, 651.0, 73.0, 536.0, 366.0, 58.0, 508.0, 38.0, 434.0, 70.0, 91.0, 425.0, 827.0, 124.0, 224.0, 628.0, 948.0, 578.0, 397.0, 977.0, 47.0, 859.0, 290.0, 145.0, 118.0, 309.0, 817.0, 181.0, 582.0], "costs": [424.0, 251.0, 751.0, 173.0, 636.0, 466.0, 158.0, 608.0, 138.0, 534.0, 170.0, 191.0, 525.0, 927.0, 224.0, 324.0, 728.0, 1048.0, 678.0, 497.0, 1077.0, 147.0, 959.0, 390.0, 245.0, 218.0, 409.0, 917.0, 281.0, 682.0], "capacity": 6285}}