{"input": {"instance_type": "strongly_correlated", "instance_size": "40", "favoured_solution_space_types": "c", "mutable_parameter_space_size": "0.05", "instance_index": 7}, "Is strong?": false, "parameters": {"epsilon": 0.01, "strong": false, "seed": 0}, "enforced_elements": [], "disallowed_elements": [], "constrained_set": [{"variables": [24, 26, 2, 16], "rhs": 1}], "result": {"original_runtime": 0.0009951591491699219, "c_min": 8605, "c_max": 10571, "n_subproblems": 1966, "solution": "Solution was already CF with cost 0.", "solved": true, "Final_UB": 0, "Final_LB": 0, "total_iterations": 0, "final_solution_weights": [324.0, 151.0, 651.0, 73.0, 536.0, 366.0, 58.0, 508.0, 38.0, 434.0, 70.0, 91.0, 425.0, 827.0, 124.0, 224.0, 628.0, 948.0, 578.0, 397.0, 977.0, 47.0, 859.0, 290.0, 145.0, 118.0, 309.0, 817.0, 181.0, 582.0, 639.0, 373.0, 548.0, 63.0, 60.0, 206.0, 681.0, 428.0, 315.0, 586.0], "final_solution_delta": [0.0, 0.0, 0.0, 0.0, 0.0, 0.0, 0.0, 0.0, 0.0, 0.0, 0.0, 0.0, 0.0, 0.0, 0.0, 0.0, 0.0, 0.0, 0.0, 0.0, 0.0, 0.0, 0.0, 0.0, 0.0, 0.0, 0.0, 0.0, 0.0, 0.0, 0.0, 0.0, 0.0, 0.0, 0.0, 0.0, 0.0, 0.0, 0.0, 0.0], "final_solution_capacity": 8380, "incumbents": {}, "lbs": {}, "cuts": [], "total_time_for_LBs": 0, "time_per_iteration_in_s": {}}, "total_runtime_in_s": 0.07273674011230469, "instance": {"weights": [324.0, 151.0, 651.0, 73.0, 536.0, 366.0, 58.0, 508.0, 38.0, 434.0, 70.0, 91.0, 425.0, 827.0, 124.0, 224.0, 628.0, 948.0, 578.0, 397.0, 977.0, 47.0, 859.0, 290.0, 145.0, 118.0, 309.0, 817.0, 181.0, 582.0, 639.0, 373.0, 548.0, 63.0, 60.0, 206.0, 681.0, 428.0, 315.0, 586.0], "costs": [424.0, 251.0, 751.0, 173.0, 636.0, 466.0, 158.0, 608.0, 138.0, 534.0, 170.0, 191.0, 525.0, 927.0, 224.0, 324.0, 728.0, 1048.0, 678.0, 497.0, 1077.0, 147.0, 959.0, 390.0, 245.0, 218.0, 409.0, 917.0, 281.0, 682.0, 739.0, 473.0, 648.0, 163.0, 160.0, 306.0, 781.0, 528.0, 415.0, 686.0], "capacity": 8380}}