{"input": {"instance_type": "strongly_correlated", "instance_size": "20", "favoured_solution_space_types": "c", "mutable_parameter_space_size": "0.05", "instance_index": 7}, "Is strong?": false, "parameters": {"epsilon": 0.01, "strong": false, "seed": 0}, "enforced_elements": [], "disallowed_elements": [], "constrained_set": [{"variables": [12, 13], "rhs": 1}], "result": {"original_runtime": 0.00028896331787109375, "c_min": 4393, "c_max": 5376, "n_subproblems": 983, "solution": "Solution was already CF with cost 0.", "solved": true, "Final_UB": 0, "Final_LB": 0, "total_iterations": 0, "final_solution_weights": [324.0, 151.0, 651.0, 73.0, 536.0, 366.0, 58.0, 508.0, 38.0, 434.0, 70.0, 91.0, 425.0, 827.0, 124.0, 224.0, 628.0, 948.0, 578.0, 397.0], "final_solution_delta": [0.0, 0.0, 0.0, 0.0, 0.0, 0.0, 0.0, 0.0, 0.0, 0.0, 0.0, 0.0, 0.0, 0.0, 0.0, 0.0, 0.0, 0.0, 0.0, 0.0], "final_solution_capacity": 4190, "incumbents": {}, "lbs": {}, "cuts": [], "total_time_for_LBs": 0, "time_per_iteration_in_s": {}}, "total_runtime_in_s": 0.051667213439941406, "instance": {"weights": [324.0, 151.0, 651.0, 73.0, 536.0, 366.0, 58.0, 508.0, 38.0, 434.0, 70.0, 91.0, 425.0, 827.0, 124.0, 224.0, 628.0, 948.0, 578.0, 397.0], "costs": [424.0, 251.0, 751.0, 173.0, 636.0, 466.0, 158.0, 608.0, 138.0, 534.0, 170.0, 191.0, 525.0, 927.0, 224.0, 324.0, 728.0, 1048.0, 678.0, 497.0], "capacity": 4190}}