{"input": {"instance_type": "uncorrelated", "instance_size": "20", "favoured_solution_space_types": "c", "mutable_parameter_space_size": "0.05", "instance_index": 7}, "Is strong?": true, "parameters": {"epsilon": 0.01, "strong": true, "seed": 0}, "enforced_elements": [], "disallowed_elements": [], "constrained_set": [{"variables": [12, 13], "rhs": 1}], "result": {"original_runtime": 0.0004889965057373047, "c_min": 944, "c_max": 1600, "n_subproblems": 656, "solution": "Solution was already CF with cost 0.", "solved": true, "Final_UB": 0, "Final_LB": 0, "total_iterations": 0, "final_solution_weights": [981.0, 119.0, 419.0, 758.0, 152.0, 489.0, 40.0, 669.0, 765.0, 574.0, 876.0, 314.0, 696.0, 595.0, 580.0, 457.0, 840.0, 945.0, 475.0, 665.0], "final_solution_delta": [0.0, 0.0, 0.0, 0.0, 0.0, 0.0, 0.0, 0.0, 0.0, 0.0, 0.0, 0.0, 0.0, 0.0, 0.0, 0.0, 0.0, 0.0, 0.0, 0.0], "final_solution_capacity": 5131, "incumbents": {}, "lbs": {}, "cuts": [], "total_time_for_LBs": 0, "time_per_iteration_in_s": {}}, "total_runtime_in_s": 0.030843496322631836, "instance": {"weights": [981.0, 119.0, 419.0, 758.0, 152.0, 489.0, 40.0, 669.0, 765.0, 574.0, 876.0, 314.0, 696.0, 595.0, 580.0, 457.0, 840.0, 945.0, 475.0, 665.0], "costs": [324.0, 151.0, 651.0, 73.0, 536.0, 366.0, 58.0, 508.0, 38.0, 434.0, 70.0, 91.0, 425.0, 827.0, 124.0, 224.0, 628.0, 948.0, 578.0, 397.0], "capacity": 5131}}