{"input": {"instance_type": "uncorrelated", "instance_size": "40", "favoured_solution_space_types": "c", "mutable_parameter_space_size": "0.05", "instance_index": 7}, "Is strong?": false, "parameters": {"epsilon": 0.01, "strong": false, "seed": 0}, "enforced_elements": [], "disallowed_elements": [], "constrained_set": [{"variables": [24, 26, 2, 16], "rhs": 1}], "result": {"original_runtime": 1.493217945098877, "c_min": 2095, "c_max": 3483, "n_subproblems": 1388, "solution": "Solution was already CF with cost 0.", "solved": true, "Final_UB": 0, "Final_LB": 0, "total_iterations": 0, "final_solution_weights": [981.0, 119.0, 419.0, 758.0, 152.0, 489.0, 40.0, 669.0, 765.0, 574.0, 876.0, 314.0, 696.0, 595.0, 580.0, 457.0, 840.0, 945.0, 475.0, 665.0, 61.0, 702.0, 648.0, 994.0, 822.0, 285.0, 386.0, 669.0, 23.0, 462.0, 169.0, 118.0, 59.0, 769.0, 130.0, 248.0, 391.0, 872.0, 81.0, 450.0], "final_solution_delta": [0.0, 0.0, 0.0, 0.0, 0.0, 0.0, 0.0, 0.0, 0.0, 0.0, 0.0, 0.0, 0.0, 0.0, 0.0, 0.0, 0.0, 0.0, 0.0, 0.0, 0.0, 0.0, 0.0, 0.0, 0.0, 0.0, 0.0, 0.0, 0.0, 0.0, 0.0, 0.0, 0.0, 0.0, 0.0, 0.0, 0.0, 0.0, 0.0, 0.0], "final_solution_capacity": 10262, "incumbents": {}, "lbs": {}, "cuts": [], "total_time_for_LBs": 0, "time_per_iteration_in_s": {}}, "total_runtime_in_s": 6.181306838989258, "instance": {"weights": [981.0, 119.0, 419.0, 758.0, 152.0, 489.0, 40.0, 669.0, 765.0, 574.0, 876.0, 314.0, 696.0, 595.0, 580.0, 457.0, 840.0, 945.0, 475.0, 665.0, 61.0, 702.0, 648.0, 994.0, 822.0, 285.0, 386.0, 669.0, 23.0, 462.0, 169.0, 118.0, 59.0, 769.0, 130.0, 248.0, 391.0, 872.0, 81.0, 450.0], "costs": [324.0, 151.0, 651.0, 73.0, 536.0, 366.0, 58.0, 508.0, 38.0, 434.0, 70.0, 91.0, 425.0, 827.0, 124.0, 224.0, 628.0, 948.0, 578.0, 397.0, 977.0, 47.0, 859.0, 290.0, 145.0, 118.0, 309.0, 817.0, 181.0, 582.0, 639.0, 373.0, 548.0, 63.0, 60.0, 206.0, 681.0, 428.0, 315.0, 586.0], "capacity": 10262}}