{"input": {"instance_type": "uncorrelated", "instance_size": "30", "favoured_solution_space_types": "c", "mutable_parameter_space_size": "0.05", "instance_index": 7}, "Is strong?": false, "parameters": {"epsilon": 0.01, "strong": false, "seed": 0}, "enforced_elements": [], "disallowed_elements": [], "constrained_set": [{"variables": [27, 12, 24], "rhs": 1}], "result": {"original_runtime": 0.0009281635284423828, "c_min": 1320, "c_max": 2248, "n_subproblems": 928, "solution": "Solution was already CF with cost 0.", "solved": true, "Final_UB": 0, "Final_LB": 0, "total_iterations": 0, "final_solution_weights": [981.0, 119.0, 419.0, 758.0, 152.0, 489.0, 40.0, 669.0, 765.0, 574.0, 876.0, 314.0, 696.0, 595.0, 580.0, 457.0, 840.0, 945.0, 475.0, 665.0, 61.0, 702.0, 648.0, 994.0, 822.0, 285.0, 386.0, 669.0, 23.0, 462.0], "final_solution_delta": [0.0, 0.0, 0.0, 0.0, 0.0, 0.0, 0.0, 0.0, 0.0, 0.0, 0.0, 0.0, 0.0, 0.0, 0.0, 0.0, 0.0, 0.0, 0.0, 0.0, 0.0, 0.0, 0.0, 0.0, 0.0, 0.0, 0.0, 0.0, 0.0, 0.0], "final_solution_capacity": 7696, "incumbents": {}, "lbs": {}, "cuts": [], "total_time_for_LBs": 0, "time_per_iteration_in_s": {}}, "total_runtime_in_s": 0.03052997589111328, "instance": {"weights": [981.0, 119.0, 419.0, 758.0, 152.0, 489.0, 40.0, 669.0, 765.0, 574.0, 876.0, 314.0, 696.0, 595.0, 580.0, 457.0, 840.0, 945.0, 475.0, 665.0, 61.0, 702.0, 648.0, 994.0, 822.0, 285.0, 386.0, 669.0, 23.0, 462.0], "costs": [324.0, 151.0, 651.0, 73.0, 536.0, 366.0, 58.0, 508.0, 38.0, 434.0, 70.0, 91.0, 425.0, 827.0, 124.0, 224.0, 628.0, 948.0, 578.0, 397.0, 977.0, 47.0, 859.0, 290.0, 145.0, 118.0, 309.0, 817.0, 181.0, 582.0], "capacity": 7696}}