{"input": {"instance_type": "strongly_correlated", "instance_size": "40", "favoured_solution_space_types": "c", "mutable_parameter_space_size": "0.05", "instance_index": 8}, "Is strong?": false, "parameters": {"epsilon": 0.01, "strong": false, "seed": 0}, "enforced_elements": [], "disallowed_elements": [], "constrained_set": [{"variables": [24, 26, 2, 16], "rhs": 1}], "result": {"original_runtime": 1.4837610721588135, "c_min": 9557, "c_max": 11754, "n_subproblems": 2197, "solution": "Solution was already CF with cost 0.", "solved": true, "Final_UB": 0, "Final_LB": 0, "total_iterations": 0, "final_solution_weights": [227.0, 963.0, 127.0, 705.0, 86.0, 248.0, 1000.0, 210.0, 642.0, 460.0, 454.0, 495.0, 193.0, 831.0, 90.0, 235.0, 20.0, 267.0, 408.0, 903.0, 380.0, 114.0, 259.0, 992.0, 64.0, 621.0, 378.0, 661.0, 339.0, 692.0, 498.0, 650.0, 902.0, 582.0, 143.0, 65.0, 947.0, 489.0, 194.0, 947.0], "final_solution_delta": [0.0, 0.0, 0.0, 0.0, 0.0, 0.0, 0.0, 0.0, 0.0, 0.0, 0.0, 0.0, 0.0, 0.0, 0.0, 0.0, 0.0, 0.0, 0.0, 0.0, 0.0, 0.0, 0.0, 0.0, 0.0, 0.0, 0.0, 0.0, 0.0, 0.0, 0.0, 0.0, 0.0, 0.0, 0.0, 0.0, 0.0, 0.0, 0.0, 0.0], "final_solution_capacity": 9457, "incumbents": {}, "lbs": {}, "cuts": [], "total_time_for_LBs": 0, "time_per_iteration_in_s": {}}, "total_runtime_in_s": 3.06573486328125, "instance": {"weights": [227.0, 963.0, 127.0, 705.0, 86.0, 248.0, 1000.0, 210.0, 642.0, 460.0, 454.0, 495.0, 193.0, 831.0, 90.0, 235.0, 20.0, 267.0, 408.0, 903.0, 380.0, 114.0, 259.0, 992.0, 64.0, 621.0, 378.0, 661.0, 339.0, 692.0, 498.0, 650.0, 902.0, 582.0, 143.0, 65.0, 947.0, 489.0, 194.0, 947.0], "costs": [327.0, 1063.0, 227.0, 805.0, 186.0, 348.0, 1100.0, 310.0, 742.0, 560.0, 554.0, 595.0, 293.0, 931.0, 190.0, 335.0, 120.0, 367.0, 508.0, 1003.0, 480.0, 214.0, 359.0, 1092.0, 164.0, 721.0, 478.0, 761.0, 439.0, 792.0, 598.0, 750.0, 1002.0, 682.0, 243.0, 165.0, 1047.0, 589.0, 294.0, 1047.0], "capacity": 9457}}