{"input": {"instance_type": "uncorrelated", "instance_size": "20", "favoured_solution_space_types": "c", "mutable_parameter_space_size": "0.05", "instance_index": 8}, "Is strong?": true, "parameters": {"epsilon": 0.01, "strong": true, "seed": 0}, "enforced_elements": [], "disallowed_elements": [], "constrained_set": [{"variables": [12, 13], "rhs": 1}], "result": {"original_runtime": 0.0004329681396484375, "c_min": 1546, "c_max": 2127, "n_subproblems": 581, "solution": "Solution was already CF with cost 0.", "solved": true, "Final_UB": 0, "Final_LB": 0, "total_iterations": 0, "final_solution_weights": [703.0, 950.0, 844.0, 504.0, 198.0, 151.0, 529.0, 510.0, 72.0, 904.0, 508.0, 702.0, 220.0, 244.0, 12.0, 344.0, 267.0, 424.0, 377.0, 835.0], "final_solution_delta": [0.0, 0.0, 0.0, 0.0, 0.0, 0.0, 0.0, 0.0, 0.0, 0.0, 0.0, 0.0, 0.0, 0.0, 0.0, 0.0, 0.0, 0.0, 0.0, 0.0], "final_solution_capacity": 4394, "incumbents": {}, "lbs": {}, "cuts": [], "total_time_for_LBs": 0, "time_per_iteration_in_s": {}}, "total_runtime_in_s": 1.5271425247192383, "instance": {"weights": [703.0, 950.0, 844.0, 504.0, 198.0, 151.0, 529.0, 510.0, 72.0, 904.0, 508.0, 702.0, 220.0, 244.0, 12.0, 344.0, 267.0, 424.0, 377.0, 835.0], "costs": [227.0, 963.0, 127.0, 705.0, 86.0, 248.0, 1000.0, 210.0, 642.0, 460.0, 454.0, 495.0, 193.0, 831.0, 90.0, 235.0, 20.0, 267.0, 408.0, 903.0], "capacity": 4394}}