{"input": {"instance_type": "strongly_correlated", "instance_size": "30", "favoured_solution_space_types": "c", "mutable_parameter_space_size": "0.05", "instance_index": 9}, "Is strong?": false, "parameters": {"epsilon": 0.01, "strong": false, "seed": 0}, "enforced_elements": [], "disallowed_elements": [], "constrained_set": [{"variables": [27, 12, 24], "rhs": 1}], "result": {"original_runtime": 1.5828168392181396, "c_min": 6682, "c_max": 8186, "n_subproblems": 1504, "solution": "Solution was already CF with cost 0.", "solved": true, "Final_UB": 0, "Final_LB": 0, "total_iterations": 0, "final_solution_weights": [464.0, 374.0, 139.0, 867.0, 7.0, 503.0, 899.0, 81.0, 555.0, 617.0, 41.0, 380.0, 704.0, 453.0, 726.0, 158.0, 239.0, 111.0, 507.0, 924.0, 591.0, 775.0, 384.0, 747.0, 102.0, 292.0, 675.0, 726.0, 422.0, 88.0], "final_solution_delta": [0.0, 0.0, 0.0, 0.0, 0.0, 0.0, 0.0, 0.0, 0.0, 0.0, 0.0, 0.0, 0.0, 0.0, 0.0, 0.0, 0.0, 0.0, 0.0, 0.0, 0.0, 0.0, 0.0, 0.0, 0.0, 0.0, 0.0, 0.0, 0.0, 0.0], "final_solution_capacity": 6501, "incumbents": {}, "lbs": {}, "cuts": [], "total_time_for_LBs": 0, "time_per_iteration_in_s": {}}, "total_runtime_in_s": 3.93522310256958, "instance": {"weights": [464.0, 374.0, 139.0, 867.0, 7.0, 503.0, 899.0, 81.0, 555.0, 617.0, 41.0, 380.0, 704.0, 453.0, 726.0, 158.0, 239.0, 111.0, 507.0, 924.0, 591.0, 775.0, 384.0, 747.0, 102.0, 292.0, 675.0, 726.0, 422.0, 88.0], "costs": [564.0, 474.0, 239.0, 967.0, 107.0, 603.0, 999.0, 181.0, 655.0, 717.0, 141.0, 480.0, 804.0, 553.0, 826.0, 258.0, 339.0, 211.0, 607.0, 1024.0, 691.0, 875.0, 484.0, 847.0, 202.0, 392.0, 775.0, 826.0, 522.0, 188.0], "capacity": 6501}}