{"input": {"instance_type": "uncorrelated", "instance_size": "30", "favoured_solution_space_types": "c", "mutable_parameter_space_size": "0.05", "instance_index": 9}, "Is strong?": false, "parameters": {"epsilon": 0.01, "strong": false, "seed": 0}, "enforced_elements": [], "disallowed_elements": [], "constrained_set": [{"variables": [27, 12, 24], "rhs": 1}], "result": {"original_runtime": 0.0007269382476806641, "c_min": 2219, "c_max": 2939, "n_subproblems": 720, "solution": "Solution was already CF with cost 0.", "solved": true, "Final_UB": 0, "Final_LB": 0, "total_iterations": 0, "final_solution_weights": [84.0, 540.0, 18.0, 85.0, 497.0, 921.0, 421.0, 399.0, 639.0, 94.0, 580.0, 173.0, 609.0, 959.0, 55.0, 556.0, 607.0, 150.0, 269.0, 995.0, 998.0, 122.0, 706.0, 951.0, 237.0, 612.0, 44.0, 366.0, 675.0, 591.0], "final_solution_delta": [0.0, 0.0, 0.0, 0.0, 0.0, 0.0, 0.0, 0.0, 0.0, 0.0, 0.0, 0.0, 0.0, 0.0, 0.0, 0.0, 0.0, 0.0, 0.0, 0.0, 0.0, 0.0, 0.0, 0.0, 0.0, 0.0, 0.0, 0.0, 0.0, 0.0], "final_solution_capacity": 6892, "incumbents": {}, "lbs": {}, "cuts": [], "total_time_for_LBs": 0, "time_per_iteration_in_s": {}}, "total_runtime_in_s": 1.5305848121643066, "instance": {"weights": [84.0, 540.0, 18.0, 85.0, 497.0, 921.0, 421.0, 399.0, 639.0, 94.0, 580.0, 173.0, 609.0, 959.0, 55.0, 556.0, 607.0, 150.0, 269.0, 995.0, 998.0, 122.0, 706.0, 951.0, 237.0, 612.0, 44.0, 366.0, 675.0, 591.0], "costs": [464.0, 374.0, 139.0, 867.0, 7.0, 503.0, 899.0, 81.0, 555.0, 617.0, 41.0, 380.0, 704.0, 453.0, 726.0, 158.0, 239.0, 111.0, 507.0, 924.0, 591.0, 775.0, 384.0, 747.0, 102.0, 292.0, 675.0, 726.0, 422.0, 88.0], "capacity": 6892}}