{"input": {"instance_type": "uncorrelated", "instance_size": "20", "favoured_solution_space_types": "c", "mutable_parameter_space_size": "0.05", "instance_index": 9}, "Is strong?": true, "parameters": {"epsilon": 0.01, "strong": true, "seed": 0}, "enforced_elements": [], "disallowed_elements": [], "constrained_set": [{"variables": [12, 13], "rhs": 1}], "result": {"original_runtime": 0.00037384033203125, "c_min": 1464, "c_max": 1967, "n_subproblems": 503, "solution": "Solution was already CF with cost 0.", "solved": true, "Final_UB": 0, "Final_LB": 0, "total_iterations": 0, "final_solution_weights": [84.0, 540.0, 18.0, 85.0, 497.0, 921.0, 421.0, 399.0, 639.0, 94.0, 580.0, 173.0, 609.0, 959.0, 55.0, 556.0, 607.0, 150.0, 269.0, 995.0], "final_solution_delta": [0.0, 0.0, 0.0, 0.0, 0.0, 0.0, 0.0, 0.0, 0.0, 0.0, 0.0, 0.0, 0.0, 0.0, 0.0, 0.0, 0.0, 0.0, 0.0, 0.0], "final_solution_capacity": 4594, "incumbents": {}, "lbs": {}, "cuts": [], "total_time_for_LBs": 0, "time_per_iteration_in_s": {}}, "total_runtime_in_s": 0.022429227828979492, "instance": {"weights": [84.0, 540.0, 18.0, 85.0, 497.0, 921.0, 421.0, 399.0, 639.0, 94.0, 580.0, 173.0, 609.0, 959.0, 55.0, 556.0, 607.0, 150.0, 269.0, 995.0], "costs": [464.0, 374.0, 139.0, 867.0, 7.0, 503.0, 899.0, 81.0, 555.0, 617.0, 41.0, 380.0, 704.0, 453.0, 726.0, 158.0, 239.0, 111.0, 507.0, 924.0], "capacity": 4594}}